X Diff,Z Diff,Xpeakstrength,Zpeakstrength
6.9204448,-15.222232,1.750542937,1.699198474
-6.3806482,-33.8283767,1.964632977,1.986635091
-6.0434428,-34.9695838,1.958131036,2.003207172
15.8526536,-15.3431502,1.606403616,1.705399638
-17.4060298,-37.788574,2.143990017,2.046112456
-8.1535958,-35.7666122,1.994255437,2.017641641
20.7841412,-12.7970873,1.528740924,1.669274488
-3.5508164,-22.8323866,1.919993155,1.818179766
-20.2607478,-41.3658495,2.192053844,2.104142453
-8.3902978,-33.5001701,2.000686988,1.983869574
-4.267189,-30.1528551,1.933999713,1.935286487
25.6358728,-6.2095483,1.449263915,1.568136615
6.1035652,-26.1371951,1.76735764,1.874471209
1.891291,-28.4705874,1.833637311,1.908838356
24.0473994,-9.021542,1.475753569,1.612122169
-0.1921858,-22.0385749,1.865779171,1.798611174
4.7419068,-18.0193661,1.785842653,1.742181485
22.4758688,-0.2834633,1.498904194,1.473432607
-11.7087394,-38.714733,2.048466288,1.798587993
0.0251196,-27.0405919,1.860622813,1.798583604
-12.0821528,-31.4899409,2.057095497,1.947980175
-2.5262398,-29.7265002,1.901157313,1.922134345
-0.0253216,-29.5178576,1.861009679,1.920459322
20.2009762,-18.6965433,1.53304805,1.75496705
1.3198178,-18.1103975,1.837202713,1.741309149
0.2842318,-18.809916,1.856443475,1.756211961
-18.4968372,-39.0977349,2.158627564,1.978191642
-11.3964494,-32.6746115,2.046420936,1.966820825
25.725403,-11.1916132,1.447527199,1.644036385
3.6106758,-14.2511811,1.802836526,1.682887892
-8.964366,-28.7283827,2.008422809,1.909942593
21.428102,-5.482797,1.51847104,1.55664469
-8.9658202,-29.6792735,2.008996683,1.923675968
13.1156612,-11.723669,1.653152429,1.652885128
9.5958894,-20.6194997,1.710059865,1.789042821
24.950044,-6.2745629,1.460338127,1.568012447
20.5126412,-15.9236785,1.535148937,1.715923921
-3.9672572,-29.6043702,1.92671352,1.923325514
22.5974508,-2.4454069,1.495582893,1.507527969
27.0652848,2.5071174,1.423290559,1.42956844
-0.3635308,-26.6621372,1.86478383,1.873780108
26.3327552,0.2436086,1.435787242,1.464264254
-1.824537,-22.2816176,1.889506399,1.803202036
-10.3219718,-35.9304464,2.02805719,2.018387723
26.8425944,-1.8375524,1.424946344,1.496017834
23.4981818,-10.0439663,1.480724823,1.623422659
-16.8202622,-38.4870548,2.134243568,1.816800658
-20.0673018,-43.1880517,2.18736942,1.816796539
-13.2583482,-36.8032974,2.075574693,1.816809216
14.4788166,-16.7796856,1.629466875,1.729708061
-4.4072418,-29.0896382,1.949336109,1.934389989
28.4698216,-1.2155417,1.408260859,1.506021814
-15.4027976,-41.0511764,2.132519457,2.100831842
15.4969642,-10.1447234,1.620032184,1.63925208
24.0786382,-14.0582423,1.495754867,1.706320632
23.499602,-10.5114833,1.488848597,1.653827282
-21.3484458,-36.0450192,2.235333107,2.046735899
-15.0748088,-31.8941996,2.120546223,1.975287957
-12.9749692,-37.6564013,2.093078979,2.078276905
3.8419592,-20.287996,1.808153501,1.793710834
-8.9659762,-24.0684816,1.797372867,1.428316486
-14.9960208,-38.602964,1.797178372,1.428321503
14.0626776,-8.5808034,1.645678572,1.42845296
24.8645204,-1.085182,1.463323217,1.428304772
-19.0265396,-31.9095166,1.797183866,1.428316592
25.7056702,-1.1737704,1.449403646,1.500574455
25.7995042,1.8002982,1.449492588,1.449625101
2.1275592,-19.11785,1.832872457,1.59685749
-19.5530088,-32.5253948,2.007769726,1.596867103
7.5105822,-23.1799578,1.745222805,1.596851869
17.1707554,-8.5694288,1.59696633,1.62137414
1.0067786,-25.4132214,1.869264151,1.783483025
4.26333,-17.119902,1.813117132,1.753461065
-13.8630902,-34.6411358,2.111037894,1.783490408
16.0283372,-14.4922772,1.621430256,1.730058889
-19.051302,-41.0365174,1.837765585,1.461063414
-12.6854624,-26.3292552,1.837685238,1.461059997
21.1943792,-6.7692814,1.526468995,1.461069372
20.8866267,-11.0649223,1.553089449,1.461075042
-17.9907364,-40.93376,1.837678219,1.461055715
-11.5721458,-38.6080287,2.051205223,2.069778035
29.1131512,-1.9773853,1.38215466,1.504363651
-19.367853,-37.4325793,2.191099042,2.052220891
-15.3443298,-35.3139543,2.129466519,2.026637795
3.6868362,-19.5649906,1.801642822,1.768060907
-13.1219846,-33.7737354,1.526173431,1.211968233
22.2161662,-1.939734,1.505144975,1.211956535
-17.3384568,-38.5028446,1.526336726,1.211967042
5.7221672,-20.80288,1.526172926,1.2119741
-11.1621048,-32.9287898,1.526275593,1.211965888
-3.7842306,-21.1366522,1.65005988,1.311502384
-9.6465818,-33.394209,1.65022502,1.311504662
21.2922818,-9.4340366,1.538378968,1.311513126
20.8815994,-8.0494438,1.549717113,1.311513196
27.8952082,-3.0030924,1.410493415,1.311512966
-14.0051778,-38.2471998,2.109981615,1.794068998
11.7962228,-17.7825972,1.68524722,1.773342697
25.3714766,-6.909331,1.462395542,1.603599756
5.2477658,-20.220643,1.79701766,1.794063265
-16.0304284,-30.7391203,2.147475094,1.794081037
1.05894,-13.965399,1.540168116,1.536605362
-37.705738,-30.579618,1.854784235,1.771994564
11.022544,-7.808742,1.46083954,1.448984654
17.231042,-4.89539,1.409127521,1.406478655
-57.995095,-41.584657,2.016199656,1.895749389
1.533882,-19.5401916,1.540578328,1.622200312
11.3398242,-16.2770828,1.463671371,1.576204591
-71.381079,-47.6600758,2.129273224,2.018088113
-62.003516,-45.9851514,2.053708294,1.994989626
-34.036364,-34.4602014,1.82825249,1.832948745
15.222583,-4.914533,1.422833379,1.403154466
13.679972,-5.704421,1.433796466,1.411319079
-61.87922,-42.973329,1.955004202,1.695639709
-36.866393,-29.7923024,1.843323634,1.695721158
-42.764768,-33.261893,1.888735624,1.695698506
-25.107578,-26.648327,1.751836227,1.71696697
-66.227402,-45.228706,2.083589514,1.97787956
11.820872,-6.1197214,1.455205506,1.427443264
-79.096822,-51.044179,2.187703342,2.059408908
-42.53534,-34.202799,1.891598409,1.820770449
-20.555537,-21.545379,1.717406824,1.64792199
-50.052223,-35.325882,1.928114802,1.674121186
-0.99307,-13.222721,1.559682727,1.531136146
-78.258322,-48.007537,1.928156968,1.674151248
3.246044,-9.022306,1.524186215,1.468913733
-54.886949,-42.069289,1.989622464,1.924405214
-24.688094,-29.636896,1.748182018,1.754474372
-70.715607,-51.489755,2.118358011,2.060852817
-23.320627,-29.4540384,1.736966775,1.751502931
15.5664334,-13.5133828,1.42678172,1.528900689
-75.782735,-50.408565,2.162467829,2.053359663
-67.865114,-45.911974,2.097251266,1.98677965
-37.944859,-31.1270282,1.857550015,1.781906097
-64.890234,-44.064628,2.072860123,1.959768398
2.871732,-10.227098,1.5276478,1.48493854
-33.095867,-29.502224,1.816062135,1.753956682
-74.20742,-47.8067992,2.149658429,2.016401568
-21.365951,-24.087997,1.722379233,1.679570147
2.68328,-12.974976,1.52865416,1.523395277
-22.299538,-23.046287,1.728834011,1.662216722
-79.343778,-54.642331,2.1919527,2.113846835
13.8330518,-14.3757612,1.443357559,1.54888308
-6.153816,-20.9421986,1.601998461,1.640482501
-78.698133,-53.9952958,2.187754859,2.10691254
-53.504039,-42.8871676,1.98346181,1.948285445
-13.472257,-23.2703808,1.658928884,1.667661387
-62.706576,-45.2777194,2.056841809,1.979933172
-22.219668,-26.4462842,1.730374288,1.716068107
-27.789722,-30.380657,1.773186165,1.767627906
-50.927731,-41.670812,1.960872018,1.927340231
-66.897859,-52.8191174,1.516795177,1.33185978
-20.144199,-29.150839,1.516663019,1.331722595
-15.692592,-28.877914,1.516717975,1.331743191
-35.118568,-37.4349506,1.516548809,1.331714875
-69.616483,-49.555501,1.516704614,1.331714384
-47.617651,-42.921975,1.607894448,1.417201104
-43.480799,-42.6704038,1.607945756,1.417203253
10.584273,-12.2323458,1.464903097,1.417338363
-0.206728,-15.123248,1.560587802,1.417383858
-52.079923,-41.1957164,1.607752091,1.417194745
-38.4601658,-39.6136946,1.452189198,1.278870374
-71.1022444,-52.2624212,1.451953271,1.278876314
-17.312663,-29.5131172,1.45218402,1.2788759
-58.100201,-44.6670682,1.452067645,1.278859654
-3.46027,-23.997023,1.452024084,1.278871802
11.450116,-10.2496644,1.465358063,1.375648527
-34.805091,-35.4637746,1.56067581,1.375404251
0.280319,-24.9262654,1.554796668,1.375411824
4.0680718,-24.2323114,1.537179878,1.375393468
-77.253319,-60.2151046,1.560599129,1.375402392
-18.164404,-23.893712,1.317732068,1.1566156
-42.901453,-38.6715616,1.317785298,1.156627594
-51.677128,-39.254002,1.317766483,1.156619762
-39.499281,-34.3313066,1.31769492,1.156624186
-3.169907,-19.537107,1.317665228,1.156615237
-59.661539,-53.1215318,1.468596973,1.291594008
-32.021198,-30.2710122,1.46859414,1.291604382
15.265643,-15.0548703,1.440225918,1.291601979
-54.803399,-39.9283404,1.468636462,1.291593862
-24.201731,-26.1935586,1.468624686,1.291596016
-21.586523,-30.221032,1.714882597,1.512588358
-6.135125,-16.9425624,1.606259795,1.512495601
-41.886761,-37.31594,1.714932397,1.512487771
-76.010803,-58.0725908,1.714965193,1.512489855
-31.785255,-33.030845,1.714841798,1.512485667
-68.419807,-49.2659886,2.036172707,1.803378164
-74.175429,-54.48371,2.036136521,1.803273744
19.940575,-11.7582548,1.391682251,1.541734287
-59.279723,-44.112986,2.036016423,1.803270735
-60.799041,-44.92543,2.036022077,1.803272476
-15.853883,-21.5049588,1.683696189,1.669630281
-39.380916,-39.3162094,1.881468349,1.93522033
-61.514132,-50.8950596,2.061505353,2.090279687
-0.585468,-16.0697914,1.56381285,1.601093793
-17.679442,-29.6870432,1.704758282,1.803018221
12.8361204,-18.7366745,1.465802805,1.654415208
-6.990836,-25.5460096,1.6171747,1.68747544
8.561546,-12.8389164,1.488175539,1.553618936
-25.781145,-32.5995406,1.772604042,1.687461117
-52.003714,-41.0773428,1.907030024,1.687345742
-17.8941302,-37.0296866,2.052375793,1.453415677
9.9649148,-17.8516566,1.468210363,1.453415492
1.8667528,-28.9898104,1.637604249,1.453422317
9.18658,-17.652697,1.487478469,1.453412025
3.1266348,-19.2513972,2.052427469,1.453585437
-22.5514022,-43.7601452,4.033121741,2.863409788
-5.5353626,-31.6716646,1.785969017,1.848231591
-19.1348262,-41.9912172,2.061918521,2.004954233
2.4196958,-21.8874004,1.617396085,1.63099817
81.7995108,56.0397918,4.033094039,2.863398884
-1.5463402,56.0397918,1.774549026,1.255166141
-3.3035682,-28.3624172,1.746704006,1.255178995
-11.2371542,-37.6523636,1.774882444,1.25518611
-9.9181944,-38.644702,1.774842342,1.255177084
-22.2848692,-50.1434882,1.774773675,1.255180923
81.7995108,56.0397918,1.909111305,1.35044934
-11.3230884,-42.4718062,1.909069478,1.350460538
-14.2276576,-39.2770742,1.908991068,1.350433384
-20.0285052,-44.513736,1.909064511,1.350439953
81.7995108,56.0397918,1.909012792,1.35046176
81.7995108,56.0397918,3.618576497,2.567604249
-9.8518364,-39.3032242,3.618671378,2.567672957
10.3074042,-17.0341904,1.459549838,1.530653288
4.3905982,-22.5743482,1.581699752,1.618580868
4.5252636,-21.7346406,1.576840464,1.632412428
1.4768934,-24.7659002,1.646670543,1.677603622
-23.4808202,-50.1263928,2.158879983,2.173003272
-16.1018706,-42.0309458,2.005348557,2.038830102
81.7995108,56.0397918,3.06169042,2.172265619
-13.2947152,-41.972568,1.951711545,2.054560289
-14.8914302,-40.9405004,1.982773116,2.018363525
-16.1128574,-41.5207656,2.009861631,2.039017799
2.8456486,-25.342564,1.616909813,1.693572419
-5.0914532,-34.920803,1.781839568,1.900649381
-16.2151552,-42.7056536,3.164832765,2.245457798
-2.2749878,-32.3368654,1.725396973,1.377517457
-2.1841008,-33.011239,1.7228985,1.377527044
5.2814892,-24.8564564,1.569569375,1.377524678
12.093985,-16.0091728,1.427706316,1.377503201
-14.3902842,-39.4396468,1.947848807,1.377525488
9.3638826,-16.8657274,1.484033032,1.535759337
-16.8302906,-45.0351308,2.024955348,2.120666507
-21.7299712,-46.9908806,2.125287976,2.177622604
-0.6160512,-31.8266432,1.686779638,1.855945173
8.5960908,-16.8332596,1.499681153,1.509715158
81.7995108,56.0397918,3.760724851,2.670906232
81.7995108,56.0397918,3.760728245,2.670907856
-9.5304652,-33.1114842,1.878184611,1.869008325
81.7995108,56.0397918,3.760700955,2.670932725
-3.2490972,-30.0487078,1.750624952,1.816753402
1.8144686,-28.9951272,1.65369264,1.617399964
5.1582178,-18.2230452,1.570210993,1.58040507
-8.2128682,-34.6562458,1.856967647,1.617398666
-18.0502578,-47.3799812,2.073286974,1.617436351
2.9832482,-23.3326864,1.626491579,1.617486958
-20.440934,-44.5093566,1.920170153,1.364934476
-13.1655758,-41.4118006,1.920256009,1.364916643
-12.7574688,-37.9385754,1.919917071,1.364926097
-2.7032152,-28.9597302,1.746642359,1.364949495
-15.8143624,-45.109998,1.920190046,1.364944718
-16.5377554,-42.7117752,2.038463343,1.515803465
-7.9544952,-34.8803566,1.845738055,1.515777645
-15.7990568,-43.8301854,2.027783509,1.515760513
6.202904,-23.0442532,1.547487305,1.516068249
-3.6203442,-33.5496148,1.762410212,1.515779023
-0.4140948,-26.3935482,1.704827357,1.257227384
-22.203482,-47.8962888,1.771301499,1.257235654
1.6751342,-29.53477,1.664181532,1.257218235
-4.2136052,-31.6189676,1.771336114,1.257360061
-7.9722378,-35.944267,1.771157543,1.257250176
-18.2775416,-46.784745,2.095629445,1.810579196
-16.7284856,-48.8095444,2.061582631,1.810571399
10.437462,-22.1955244,1.479927405,1.686063403
-17.9594478,-49.0032574,2.09030887,1.810555672
-11.6871882,-40.6626814,1.957687313,1.810590371
81.3138508,55.5563968,1.445651976,1.022246505
-5.621209,-37.095174,1.445854068,1.022277549
-3.8715666,-31.98601,1.445876973,1.022252103
81.3138508,55.5563968,1.44547818,1.022274293
11.913143,-15.877934,1.445931636,1.02225213
81.3138508,55.5563968,2.808100365,2.003065948
-20.9987192,-43.6669622,2.807934329,2.003226624
5.1839978,-23.30154,1.577578151,1.674991891
-12.0687132,-38.7925912,1.945067464,1.946924785
81.3138508,55.5563968,2.807966302,2.003054962
-2.169728,-30.8070954,1.746584168,1.394168269
81.3138508,55.5563968,1.961251245,1.39420297
-24.685281,-53.4650382,1.961180162,1.394161722
-0.4707972,-25.1447872,1.709957086,1.394189647
81.3138508,55.5563968,1.961164492,1.394181583
-20.4998944,-46.3989984,1.561028067,1.103422548
-12.4730458,-37.9114366,1.56093329,1.103440288
-6.2526792,-32.285791,1.560895495,1.103437614
-6.4420768,-33.9963862,1.561045785,1.103411417
-2.5006674,55.5563968,1.560899013,1.103421369
2.0056728,-28.4566946,1.651634187,1.760117541
-14.3032714,-40.315919,2.002419526,2.050124401
-7.640452,-32.7203062,1.855836164,1.815431891
-13.3375554,-39.19016,1.97082194,2.052303505
81.3138508,55.5563968,2.982234065,2.127058332
-68.4900308,-54.1093958,1.514239589,1.22660187
-71.1288928,-51.6371878,1.514250486,1.226592951
-23.5102298,-28.7554888,1.514259868,1.226601816
-1.1724118,-18.0928818,1.403537992,1.226589092
-15.1266486,-25.748966,1.514309381,1.226597942
-62.0679428,-50.3113148,2.027129903,2.1494803
-44.0216748,-40.5029018,1.843084974,1.950262909
-24.2094908,-31.5284168,1.639744867,1.766264875
-37.8845588,-39.5015606,1.780345122,1.931414931
136.4068292,55.4388572,3.00350983,2.459819852
136.4068292,55.4388572,2.441960945,1.995943969
-17.6297908,-29.0541336,1.573450838,1.720693574
-6.6360438,-22.4056268,1.461004959,1.583427867
-77.7514828,-58.2353288,2.189339606,1.995909472
-37.7872098,-33.7567868,1.780662183,1.808854043
-60.2749298,-42.2601488,2.004212737,1.754867272
-41.4419348,-38.2619718,1.813583775,1.754843671
-24.8102978,-32.4066398,1.641425081,1.75488233
-43.3732438,-37.4206668,1.832831357,1.754849811
-13.0559968,-24.9923958,1.520952761,1.617899569
136.4068292,55.4388572,3.297639133,2.700296846
-20.1937988,-28.4496158,1.591317709,1.683371746
-49.4223208,-37.7880428,1.891889384,1.860336444
-13.1582758,-24.3958948,1.521762074,1.603210415
-53.1619238,-44.7393068,1.930765976,2.017679484
-59.8789148,-43.5473698,2.004009371,2.001229531
-27.6687628,-31.3991388,1.673937901,1.759565426
-34.1877488,-32.7898128,1.74111605,1.786032676
-56.6357468,-44.1158208,1.972745019,2.018875482
-42.8209778,-38.4842388,1.830299339,1.904715072
-58.1550148,-45.2874438,1.979072952,2.014822666
136.4068292,55.4388572,2.555019914,2.085210932
-39.2523208,-38.5815238,1.789185224,1.894445288
-12.6484188,-25.1827778,1.514114701,1.614736274
-69.2174538,-53.1565278,2.096665103,2.085223339
-7.6769448,-22.9414988,1.471344397,1.326772202
-26.5985488,-28.9385378,1.631487182,1.326850803
-66.6256728,-44.5084028,1.631436275,1.32675637
-21.0066018,-28.9051738,1.608681405,1.326785344
-40.4233148,-35.6840828,1.63142679,1.326770575
-15.1789078,-26.7622268,1.544309427,1.659043524
-69.4888668,-51.7074818,2.098307829,2.15813945
-64.2199518,-49.5475898,2.047439128,2.120211954
-22.0329524,-29.0780038,1.615317781,1.705152866
136.4068292,55.4388572,3.000069324,2.453386654
-17.3537638,-27.9168138,1.567265209,1.328720556
-62.0899118,-49.0101798,1.638078617,1.328480674
-26.7984198,-29.6164258,1.638195415,1.328489146
-33.2502378,-35.4896394,1.638008484,1.32847723
-30.6143638,-30.8484178,1.638013603,1.328458913
-15.432701,-26.828971,1.364200705,1.13141161
-72.338187,-54.252409,1.364036337,1.131381365
-33.688775,-33.889075,1.364089011,1.131394709
-39.205765,-37.576181,1.364052964,1.131409818
135.697429,54.730409,1.364091004,1.131385861
-19.911027,-29.967373,1.417232177,1.175431304
-16.837449,-25.758219,1.416910325,1.175366033
-32.924523,-35.088798,1.416983293,1.175347982
135.697429,54.730409,1.416940085,1.175336714
-60.190127,54.730409,1.416912831,1.175639311
135.697429,54.730409,2.121770874,1.790206404
135.697429,54.730409,2.121798269,1.790176757
-22.651113,-31.257699,1.640346047,1.790201258
-19.688582,-28.217368,1.610098239,1.758936274
-21.747546,-29.339796,1.632998369,1.781337666
-42.699488,-41.472486,1.494849424,1.248018401
-20.538722,-29.520986,1.495256858,1.247988682
-56.57904,-44.769369,1.494849566,1.247991681
-5.089728,-20.082713,1.454567096,1.248019324
-66.24034,-52.310038,1.494893059,1.2480084
-24.621485,-32.430017,1.642938579,1.369436497
-31.1949656,-34.530347,1.643334859,1.369423748
-8.690513,-23.957217,1.486688223,1.369621731
-10.867653,-25.510437,1.509660552,1.36946582
135.697429,54.730409,1.642795788,1.36943323
-44.214409,-36.684002,1.342839197,1.112592643
-45.969168,-40.527957,1.34286765,1.112574325
-19.430514,-30.238503,1.34300931,1.112605846
-40.884072,-40.773716,1.342998614,1.112581365
135.697429,54.730409,1.342969244,1.112566035
-45.644237,-39.453286,1.875477321,1.951904787
-55.286291,-42.486116,1.973772378,2.013264207
-41.792167,-40.246646,1.831955301,1.992246688
-46.778631,-37.959933,1.884215862,1.875919605
-27.444754,-30.104883,1.683460055,1.760326864
-14.147458,-26.910131,1.266442667,1.043212809
-18.515078,-26.777448,1.26641918,1.043320311
-11.949004,-25.487026,1.266666913,1.043218886
-30.320201,-33.397061,1.266597107,1.043229815
-47.98719,-42.266998,1.266426098,1.043230513
-40.255204,-38.759375,1.145577953,0.945031555
-43.933116,-40.526742,1.145596852,0.945051672
-37.585739,-35.990576,1.145669843,0.945056043
-31.004665,-31.867043,1.145586761,0.945066201
-63.764118,-47.989697,1.145721309,0.945038226
-7.496506,-20.627277,1.218210615,1.006182592
-33.66419,-35.207952,1.218205327,1.006189545
-52.301255,-41.995133,1.218266758,1.006173881
135.697429,54.730409,1.218228678,1.006172178
135.697429,54.730409,1.218194899,1.006168858
-63.2247054,8.4693762,1.638229525,1.618280786
-80.3247714,-12.3462084,1.792807195,1.835544423
-40.0592474,29.5331266,1.425685422,1.390074452
-52.3427464,17.8945566,1.536958405,1.512872775
-80.9125234,-7.8673864,1.799058326,1.785512171
-120.2223714,-44.7178774,1.924175845,2.179213317
-84.5009414,-16.2483954,1.831885376,1.87596169
-117.3729314,-42.9072254,1.924198864,2.158151511
-98.2854454,-24.2633794,1.924167652,1.96162379
-49.3189928,18.2385072,1.514010095,1.514039143
-82.3083514,-13.3783074,1.815256238,1.847938883
-80.8078924,-9.4836774,1.801708615,1.806427153
-114.7519304,-40.1384834,2.114413721,2.133326786
-53.3156564,18.1140116,1.548608803,1.512065761
-87.107794,-17.9394324,1.860423442,1.897404462
-89.4601194,-16.3246694,1.487850055,1.879578398
-101.3819474,-25.4336874,1.48777187,1.976151224
-49.1890674,19.4806486,1.487881837,1.49882783
-48.4273224,19.1018806,1.488122416,1.501950499
-51.9907684,18.2936346,1.48783379,1.511591167
-43.8289404,25.8647346,1.461126807,1.430367201
-102.3310884,-28.1457064,1.628067911,2.004187979
-36.5370844,30.7870076,1.39264404,1.377470028
-45.0108678,23.0723204,1.476188763,1.464703937
-79.3322954,-5.9157594,1.62797341,1.768523934
-48.9151924,18.1785146,1.501565669,1.507046895
-84.1543364,-8.4597234,1.645890118,1.78962504
-66.0290004,5.0466866,1.646499085,1.64788966
-71.9318384,-3.1915324,1.645796341,1.735908885
-112.3339104,-40.8771674,1.645909086,2.135147258
-84.6018954,-15.5489774,1.827551091,1.866260476
-51.5896272,17.253517,1.534455041,1.524204109
-79.3861694,-11.8440504,1.780246875,1.827521709
-109.2293994,-37.1040654,1.886062119,2.096938712
-114.3853294,-40.2990034,1.885998149,2.12922728
-79.0644254,-4.4690494,1.775385265,1.741711708
-43.6147334,25.0632266,1.450606457,1.431216122
-63.1346784,4.5073236,1.62884702,1.65041779
-50.9748734,16.9481704,1.525577805,1.524377067
-91.3848364,-23.0406474,1.888265683,1.942051762
-100.7322054,-30.6589914,1.286001844,2.026429071
-66.9746494,1.8809406,1.285977155,1.682664485
-42.4808134,27.6148416,1.286020133,1.407082724
-86.8507634,-16.2910434,1.28595466,1.875177913
-71.9186214,0.2534476,1.286058264,1.700860903
-86.4465924,-14.7651664,1.851916194,1.860903832
-49.5920054,20.5820066,1.513504139,1.48511972
-61.5795454,10.3723846,1.625766272,1.596260275
-69.2175884,5.0599836,1.69520456,1.650625696
-89.4537374,-17.9615234,1.880572297,1.896068725
-68.575129,-0.714992,1.485389524,1.71584908
-79.8309726,-8.984473,1.484985298,1.815569894
-50.9459718,19.7751972,1.485026199,1.503790175
-99.984591,-30.377835,1.484987716,2.040306555
-69.6393272,0.429917,1.485005722,1.710311016
-120.610083,-43.791143,1.002438658,1.620323909
-58.4043186,10.4703116,1.002450149,1.620325633
-73.0974316,0.690278,1.002439944,1.620346727
-61.0340026,11.540993,1.002455504,1.60093531
-47.2599382,23.803698,1.002440644,1.465657029
-60.7457696,8.702221,1.339512833,1.635156187
-117.497433,-39.842228,1.339474335,2.141741755
-85.560018,-15.217732,1.33961509,1.867859361
-55.762944,16.3989922,1.339572336,1.54480365
-46.849746,23.150125,1.339548414,1.441597017
-50.036885,20.532194,0.948366975,1.491371657
-100.405542,-28.877183,0.948348886,1.534155539
-86.384168,-16.906779,0.948374234,1.534151747
-95.528269,-20.669575,0.948376175,1.534177613
-68.407846,-0.548879,0.948481125,1.534159621
-92.216689,-15.960259,1.467278243,1.884420916
-97.248384,-27.016164,1.467299148,2.008281873
-87.946391,-15.610539,1.467317549,1.887081523
-58.400417,8.403962,1.467432759,1.616026919
-54.9226,14.5101,1.467386171,1.550700827
-46.752074,19.234037,1.477990549,1.492502269
-82.664232,-16.605133,1.570172928,1.883013104
-57.4776968,10.4211468,1.570352493,1.610346618
-112.209691,-37.939459,1.570182045,2.109969335
-50.160113,19.652977,1.520831817,1.491780159
-76.209224,-1.754908,1.036634193,1.673677996
-73.671105,-1.017304,1.036636446,1.673682596
-37.2433672,29.282,1.036631335,1.408520355
-109.322756,-34.218308,1.036658613,1.673815415
-114.206365,-40.241381,1.036641772,1.673665922
-77.695069,-7.415349,1.399745603,1.787617191
-54.786894,18.170751,1.399680065,1.524305703
-112.651601,-36.811011,1.3995623,2.110087079
-82.346481,-6.523673,1.399551509,1.766610816
-94.781013,-21.183679,1.39960771,1.93516106
-105.387525,-36.61979,1.042682704,1.684700877
-107.927639,-36.373912,1.042696061,1.684775985
-68.869158,2.96464,1.042685646,1.684698217
-115.921238,-40.372669,1.042672819,1.684795145
-54.245447,14.874104,1.042703624,1.556938201
-106.384302,-32.193648,1.339270594,2.066380068
-105.622038,-34.185094,1.3390545,2.090212959
-113.311323,-39.815684,1.339197441,2.154308393
-81.848509,-7.927344,1.339213217,1.804891722
-119.155979,-43.882874,1.339020657,2.157856849
-193.659943,-39.724433,2.086021382,2.158031393
-196.776762,-39.648639,2.106073855,2.160807479
-211.094085,-46.262999,2.183166325,2.231837035
-75.5847592,22.565831,1.452216615,1.490371545
-165.443845,-24.124008,1.934949129,1.989394306
-110.543141,5.754693,1.51671079,1.667525015
-82.374234,23.422167,1.485427602,1.472513941
-69.065101,28.904859,1.413084287,1.414317161
-126.106343,0.966618,1.516779414,1.715807433
-100.7403318,9.3961768,1.51677417,1.633228619
-84.2254926,17.8561746,1.386660716,1.539528255
-99.185876,13.440203,1.386564037,1.580242387
-169.48102,-23.033319,1.38641929,1.971753682
-201.918278,-44.414312,1.38641798,2.204525542
-166.290341,-22.808161,1.386571168,1.968537905
-144.122207,-11.825355,1.156618735,1.855131682
-105.520943,10.26247,1.156630098,1.615467816
-208.841654,-44.172014,1.156621469,1.927566968
-107.309616,9.888463,1.156621642,1.622094198
-80.133155,20.0446258,1.156678844,1.518549917
-128.151237,-0.056397,1.73185885,1.724173909
-140.669329,-7.701678,1.800476417,1.808569725
-136.38981,-5.475669,1.776786853,1.78491813
-103.199781,12.696825,1.596190472,1.585185593
-114.323059,6.035047,1.658996389,1.662263423
-180.029053,-31.06,1.245071383,2.061790415
-162.970401,-20.7813,1.245141041,1.950543126
-102.148899,11.719801,1.245236518,1.589025857
-120.031277,1.941838,1.245066757,1.700345737
-146.272054,-10.158019,1.245129232,1.829601817
-125.998096,-2.340399,1.714351949,1.74174987
-141.587734,-10.392611,1.797841732,1.828899705
-77.2622502,21.3881174,1.459433607,1.499818699
-163.69294,-19.171169,1.919163032,1.923025633
-193.93122,-35.688147,2.086104883,2.11002483
-94.0753764,12.532214,1.551420982,1.596951221
-173.610324,-28.437324,1.977405194,2.033847529
-186.335166,-32.777974,2.048349932,2.082447154
-99.657273,13.394013,1.578490537,1.581396356
-92.3439932,13.5656356,1.542301919,1.586220914
-139.545585,-9.385688,1.796190283,1.832443158
-136.009412,-8.119897,1.778582049,1.82218608
-110.807552,5.308655,1.640054736,1.67242118
-195.817212,-40.169456,2.102990764,2.168607346
-134.73875,-5.563715,1.772013807,1.794229593
-83.369208,22.936271,1.487607362,1.474102132
-101.941976,10.6659,1.588930715,1.610645975
-182.708646,-33.098419,1.943531257,2.083349497
-162.377473,-24.158853,1.913661845,1.982990596
-169.057118,-23.929491,1.944046763,1.986440215
-177.526809,-30.8877,1.631215882,2.110434472
-160.662612,-21.54179,1.631219316,2.008642093
-168.678171,-25.818295,1.631146337,2.042876721
-128.622478,-4.800822,1.631146237,1.805110465
-178.242032,-29.726219,1.631145853,2.086842489
-181.651234,-31.797434,1.409038026,2.120213627
-165.340443,-24.67021,1.408887161,2.041783348
-85.608278,18.510237,1.40892926,1.554358297
-203.661713,-41.071718,1.408885139,2.230234741
-159.575536,-20.597859,1.408886602,1.991241333
-152.467744,-17.390136,1.326674737,1.928929469
-214.587331,-46.769891,1.326594069,2.237183865
-88.637082,14.8078804,1.326594345,1.600432954
-153.071458,-18.747198,1.326550129,1.936633462
-108.341915,5.53863,1.326551405,1.675108522
-136.383165,-7.161772,0.951610624,1.60327767
-157.353925,-17.266334,0.951610708,1.603070818
-122.969158,-0.648856,0.95160939,1.603074911
-187.389193,-33.421478,0.951609054,1.603084831
-120.53929,1.867068,0.95160852,1.603147743
-124.193987,0.2303,0.909696675,1.53259893
-122.615591,0.098235,0.909700851,1.532371296
-180.035916,-34.009807,0.909700197,1.532392086
-149.014616,-11.923328,0.909699108,1.532397219
-112.225182,5.154203,0.909697648,1.532385666
-130.005583,-6.291844,1.207142851,1.816589234
-103.273245,9.573789,1.207102671,1.641489585
-171.620583,-24.867227,1.206929111,2.030439511
-93.982235,16.579048,1.207011675,1.558610717
-115.784657,4.094064,1.206976943,1.712360128
-76.624497,24.063816,1.454175824,1.493411699
-128.763456,-5.313048,1.621454106,1.787236266
-176.915713,-27.733005,1.621649994,2.058630222
-188.564536,-33.649314,1.621489051,2.105694869
-177.994475,-29.512048,1.621484767,2.073061174
-126.933219,-3.49944,1.277479347,1.784410517
-80.404773,22.657221,1.277523893,1.47464772
-93.619195,16.345875,1.277601909,1.556774517
-164.139046,-21.942772,1.277532585,1.984533385
-182.611369,-31.990822,1.277478655,2.085141215
-86.960203,18.587308,1.510330073,1.538743758
-172.366719,-26.23423,1.510406414,2.0542603
-153.036828,-14.815577,1.510454945,1.924971057
-147.956519,-11.595209,1.510408204,1.880070002
-165.420524,-24.511616,1.510485277,2.034010331
-100.073147,10.490905,1.544889852,1.617377686
-164.353558,-24.779548,1.544883898,2.007578986
-145.096896,-11.212873,1.545097095,1.87256796
-191.748301,-36.979806,1.544926154,2.143003454
-70.469769,27.652969,1.427454524,1.433805326
-45.4825364,4.5961014,1.628296639,1.637712772
-45.4049194,5.0877184,1.626896894,1.631550211
81.2233566,93.3250164,2.123092353,3.511832418
-73.8970144,-12.0904376,1.992598649,1.9508117
-44.3618764,6.2284824,1.610731923,1.608300523
81.2233566,93.3250164,1.741114387,2.880410631
-40.9357274,7.2029804,1.577349131,1.600703183
81.2233566,93.3250164,1.741208581,2.880407822
-54.2687914,-3.2831376,1.741143711,1.797082572
-62.8865594,-4.8825846,1.741140487,1.828842777
-51.0813944,-2.1694956,1.704603402,1.768970977
-43.2461044,2.4140524,1.603514139,1.681483025
-63.560554,-8.8057476,1.867926622,1.89628319
-58.5476474,-3.5374676,1.797279737,1.743161187
-43.5824564,5.8491014,1.605360037,1.6192561
81.2233566,93.3250164,1.237013951,2.047396641
-62.4889614,-5.7789136,1.236900036,1.84629292
-38.5299654,6.6004214,1.236962979,1.613271208
-70.1117714,-7.8487646,1.237005136,1.884708237
-47.8028244,5.1354864,1.236894588,1.640337815
-67.1390284,-18.1570036,1.918926883,2.006208571
-42.8442254,7.1704674,1.603858337,1.601259193
-58.4694784,-5.1038746,1.804410313,1.830352245
-50.2951974,0.6424444,1.701435752,1.72577246
-39.3183034,5.6586024,1.557995723,1.565042129
-62.8742354,-5.0587236,1.83933873,1.823309786
-36.8068104,9.8290564,1.51707227,1.542155892
-81.3223314,-19.5852236,1.839308376,2.09034054
-70.9542974,93.3250164,1.839301457,3.043121053
-64.6746684,-11.2922956,1.839281067,1.859613399
-59.9036734,-7.8979056,1.823863681,1.809468287
-60.5225874,-3.2246666,1.826332772,1.791984169
-110.1585434,93.3250164,2.64563293,4.374118513
-54.6654864,-1.0544636,1.75140414,1.751309422
81.2233566,93.3250164,2.645597375,4.374144938
-33.3642914,13.2969084,1.475621238,1.483385489
-73.3546754,-10.5861416,1.994117419,1.931315927
-48.0704554,5.0895504,1.663458278,1.635488426
-66.2581004,-7.1363796,1.903041472,1.867117427
-54.7841504,-1.5485326,1.756431672,1.763005367
-60.7749744,-5.8482446,1.79297311,1.843064066
-53.1236314,1.2257594,1.733171153,1.711451448
81.2233566,93.3250164,1.792918311,2.966078829
-59.6249134,-3.0356506,1.792998315,1.793691523
-57.5989324,-4.7066316,1.792979433,1.824702047
-38.9238224,9.1171134,1.548734576,1.562494145
81.2233566,93.3250164,1.746088366,2.888332495
81.2233566,93.3250164,1.746016899,2.888322749
-58.0355634,-4.0698966,1.746115753,1.812330878
-54.7387284,-3.8367116,1.746095079,1.808160754
-67.3186438,-17.169855,1.492409821,1.884482417
-77.348894,-14.337402,1.49234297,2.034165718
-55.296252,-2.229496,1.492497726,1.804919574
-73.048071,-13.505036,1.492260336,2.019497703
-58.360707,-2.01507,1.492300375,1.789488905
-59.331077,-4.436003,1.041656515,1.727506742
-84.388333,-20.097205,1.041671383,1.727503833
80.513588,92.623055,1.041733404,1.727538584
-60.39271,-7.520869,1.041663649,1.727520125
-76.393699,-17.895477,1.041662524,1.727487636
-49.134582,3.069353,1.540340091,1.659241676
-73.33678,-13.642952,1.540179384,2.549072909
-49.756095,-1.637516,1.540067427,1.763964501
-53.445349,-0.271245,1.539999623,1.716461728
-59.32251,-4.08953,1.540076076,1.812668487
-75.266355,-16.234009,0.882531042,1.464862156
-87.103694,-23.12604,0.882515502,1.464872028
-81.4971898,-19.007955,0.882531167,1.465016228
80.513588,92.623055,0.882532251,1.464883289
-41.714175,4.455768,0.882546464,1.46486266
80.513588,92.623055,1.441627949,2.385196416
-126.157152,92.623055,1.441903029,2.385166099
-63.390022,-5.509655,1.441908187,1.864850457
-61.431617,-4.587479,1.441653148,1.847055377
-78.129438,-16.829059,1.441571958,2.091285341
-82.358124,-21.866565,1.728709106,2.172187363
-80.676349,-31.106621,1.728751561,2.11771597
-83.784197,-20.685089,1.728782287,2.162272645
-43.777355,7.712167,1.642543267,1.612183002
-54.753717,-2.400847,1.728718877,1.741165568
-69.559719,-12.518319,1.521478087,2.00786593
-62.154497,-6.89637,1.521443203,1.887227778
80.513588,92.623055,1.521771779,2.517063796
80.513588,92.623055,1.521559837,2.516930814
-50.058074,-0.700961,1.521474142,1.766462299
-55.784212,-5.48134,1.856903267,3.06851794
-67.431711,-11.712107,1.857577791,1.982585005
-62.736472,-9.211586,1.857028173,3.068461803
-57.987424,-0.213656,1.830123976,1.755411688
-215.718492,92.623055,1.857540632,3.068528688
-73.089395,-15.006634,0.861081966,1.430007669
-46.540895,2.330453,0.861085028,1.42989004
-73.647302,-12.725836,0.861113639,1.429881563
-76.89066,-15.074832,0.861101226,1.429887729
-84.628164,-19.871605,0.861098912,1.429896489
80.513588,92.623055,1.823288115,3.015108596
-81.031794,-17.009347,1.823279359,2.073550719
-72.226984,-15.533836,1.82329792,2.039340219
-74.497742,-12.080294,1.823221779,1.962616284
-37.051316,11.910197,1.533191547,1.496350907
-140.323113,-26.293926,1.568273457,2.10064208
-144.33358,-22.313929,1.568554906,2.192731423
135.532463,92.470644,1.56831815,2.711244547
-56.916699,13.579191,1.568237284,2.711202476
-132.582216,-16.33773,1.56826378,2.072910101
135.532463,92.470644,1.899052437,3.292059717
135.532463,92.470644,1.899071963,3.292041984
-123.319617,-14.8802,1.899265332,2.076853158
-145.457302,-21.255504,1.899269494,2.20336385
-111.039636,-9.587409,1.88948613,1.975774838
-81.261501,6.002417,1.656236065,1.664422422
-98.933976,-3.195402,1.788996708,1.836315524
-122.737607,-9.307929,1.97343323,1.959917298
-150.724828,-23.855252,2.188738211,2.243076259
-97.266313,-0.149057,1.777419364,1.780933872
135.532463,92.470644,2.064729959,3.577211562
-67.800942,9.954697,1.551807938,1.583167753
-132.413742,-18.708493,2.047969127,2.141145386
135.532463,92.470644,2.064762088,3.57724858
135.532463,92.470644,2.06469122,3.5772326
-114.153733,-9.924175,1.50859918,1.970461779
-89.237926,-2.577363,1.508509475,1.825535383
-139.718511,-18.480565,1.508510198,2.127168519
-101.890232,-1.937037,1.508500621,1.808258584
-68.120166,5.395279,1.508685038,1.667161729
135.532463,92.470644,2.167130037,3.758455909
-120.498458,-8.192827,1.95302989,1.931988189
-111.206578,-7.330908,1.884306762,1.919862575
-123.812555,-13.539146,1.9813882,2.040391515
-125.70518,-15.680694,1.993868957,2.077353134
-125.828091,-10.104796,1.992595152,1.966436287
-104.529539,-3.696145,1.829581973,1.840033605
-117.901557,-13.103576,1.930945754,2.020133254
-117.654701,-14.992306,1.93164201,1.971828383
-61.124911,10.091922,1.49901619,1.574904208
-110.780709,-6.049535,1.454286262,1.891360247
135.532463,92.470644,1.454434729,2.513886078
-67.673537,10.071946,1.454498901,1.580872434
-119.115981,-12.529314,1.454413129,2.014806774
-71.968272,6.129853,1.454536805,1.651682189
-75.265368,4.728833,1.599661067,1.663440796
-134.187737,-13.690637,1.827320123,2.026674405
-103.27012,-5.722382,1.815408772,1.866585374
-116.264517,-7.000617,1.827229727,1.895192637
-82.633853,-1.038356,1.658375998,1.77830795
-86.972918,-0.317488,1.982456294,3.434600479
-72.752324,5.627589,1.587198011,1.660926244
135.532463,92.470644,1.98249439,3.434457301
-125.428144,-13.273953,1.982430886,3.434467432
-119.59487,-10.904458,1.946671581,1.985029422
-108.053336,-5.675749,1.353085624,1.951375631
-106.756435,-5.747103,1.35303755,1.955320724
134.51792,91.462659,1.352976184,2.396412766
-104.60233,-5.317251,1.353106702,1.894513282
-83.11699,4.109098,1.353202164,1.746873705
-80.232541,0.806803,1.508167868,1.792326864
-95.200999,-5.140016,1.508173745,1.90990246
-376.61417,91.462659,1.508208609,2.677714555
-78.04424,1.403692,1.508408608,2.677714133
-131.806478,-13.323298,1.508174242,2.081005587
-132.343439,-15.200691,1.535516976,2.102442676
-110.247255,-5.012303,1.535463653,1.904067071
134.51792,91.462659,1.535466593,2.724246261
134.51792,91.462659,1.535453078,2.724416677
-124.695423,-11.4164,1.53549515,2.02306391
-91.915185,-0.763098,1.610302307,1.86117395
-73.346801,6.763199,1.610161891,1.707460991
-137.456383,-16.874732,1.610282973,2.189714325
-122.116403,-10.09479,1.610192082,2.056462475
-101.696172,-6.781111,1.610243367,1.986539032
-127.136173,-13.497241,1.681349021,2.096004446
-101.873744,-7.380649,1.68147028,1.961857192
-91.67973,-4.220837,1.681320353,1.908976439
-280.93214,91.462659,1.681222763,2.987837579
-76.471615,1.230376,1.644199657,1.793506622
-99.748099,-7.264329,1.703481051,1.974686779
-63.063822,6.668624,1.530909793,1.662934154
-86.072236,3.879988,1.703042304,1.738024365
-93.11395,-4.069397,1.703031673,1.879713806
-119.158869,-8.103339,1.702974352,1.990393917
-73.411996,5.773044,1.133629214,1.712755397
-91.397506,-2.469048,1.133600233,1.86549797
-101.416464,-6.557926,1.133675318,1.93547001
-88.826917,1.886805,1.133806786,1.772031513
-134.15931,-17.79286,1.133652262,2.004890724
-151.637054,-25.174993,1.240476685,2.195436953
-119.46684,-14.252792,1.24048903,2.120154105
-164.57474,91.462659,1.240437417,2.195424147
-112.513702,-5.974552,1.240495224,1.954777813
-137.724377,-19.167012,1.24044165,2.195436432
-73.891644,7.349574,1.615720411,1.652390389
-69.329348,4.687039,1.586622609,1.717739187
-92.87578,-3.880745,1.774655372,1.9055965
-151.213969,-24.50844,1.78721151,2.316943259
-149.878129,-25.689966,1.786941123,2.342994949
134.51792,91.462659,1.676538153,2.975365363
-201.6464,91.462659,1.676601777,2.97544504
-106.406603,-7.41986,1.676619985,1.940556915
-123.960815,-11.060956,1.676571182,2.030722465
-97.208009,-5.09644,1.676610623,1.923859712
-77.9033054,-27.8078425,1.930597281,1.922868542
-66.0824156,-22.3889065,1.801144802,1.819343737
-84.4220154,-30.3851685,2.00097126,1.970317827
-76.7938824,-26.9369803,1.918461117,1.905710744
-46.5487652,-12.0261389,1.585912882,1.618969186
-29.5092529,-3.5027395,1.401558587,1.45912442
-44.6577566,-11.5711733,1.565030673,1.610878061
-66.3174872,-23.8359513,1.586131764,1.847794257
-68.728889,-23.2603211,1.586204265,1.83576923
-73.3519976,-26.5986431,1.586290897,1.899542097
-31.2611718,-4.0140469,1.417110529,1.463995885
-50.7072416,-13.1667557,1.630254743,1.637665516
-34.5371079,-6.2380772,1.455742307,1.509968481
-52.8061324,-14.1591091,1.652144499,1.65463055
-45.5630976,-10.5527297,1.572345961,1.585146398
-91.9981172,-37.0570671,2.086552959,2.10514863
-94.584314,-38.4383393,2.115497129,2.132127054
-84.599406,-32.6058161,2.005122169,2.018420503
-44.353223,-10.3463637,1.562534908,1.587990763
-53.942542,-15.2171843,1.667147292,1.680792718
-41.0820994,-8.9673833,1.403965802,1.560686143
-66.9700586,-22.9289419,1.403902523,1.815752444
-91.5112896,-32.6226081,1.403915342,1.815690564
-29.3177564,-1.1243601,1.398192067,1.409590563
-71.793836,-25.2927807,1.403968425,1.815690551
-78.9652872,-29.9378113,1.942471331,1.966713894
-28.9862074,-3.4337985,1.392396393,1.453239922
-82.3126564,-30.9622525,1.979319,1.983755353
-38.1469038,-8.3579352,1.496814647,1.553962591
-31.8478164,-3.0646803,1.423478447,1.444048529
-84.2433084,-33.7896923,1.999919902,2.039522907
-41.3202974,-8.1556145,1.5270324,1.539624136
-78.5229914,-29.2162539,1.937083573,1.949361027
-32.1759464,-3.9295075,1.427894107,1.461810306
-90.6999812,-33.4854043,2.070532226,2.030430896
-34.260251,-4.3567339,1.452653297,1.473015622
-62.2602474,-18.7417437,1.593739695,1.751961431
-41.3612904,-10.5203565,1.531629025,1.596342839
-82.7255358,-31.1769575,1.593680748,1.992700693
-98.9950316,-41.4738741,1.593599278,2.062474494
-50.95577,-15.7929665,1.634039925,1.693403677
-40.8990276,-8.0276659,1.523182246,1.539513625
-57.6642484,-17.8319519,1.707463781,1.728955941
-59.604689,-18.5137141,1.730416856,1.74452907
-56.2483216,-17.9987804,1.692594897,1.736859421
-87.9249664,-34.3216797,2.04132661,2.050763945
-37.284976,-6.1950721,1.484137418,1.507094803
-69.1089646,-22.3274589,1.835597817,1.819879741
-37.2344424,-8.115937,1.487213508,1.550303916
-82.3652106,-31.8774329,1.980915448,2.0068224
-54.1482928,-14.7392654,1.229087779,1.606383869
-99.9260918,-41.6339404,1.229089979,1.606383958
-50.468972,-14.0265037,1.229089326,1.606385218
-99.2503534,-42.0426858,1.229111095,1.606383388
-95.3046436,-36.8773372,1.229102343,1.606382912
-89.5132198,-36.4991754,1.207544173,1.57910123
-26.5360516,-0.9222326,1.207575939,1.414107391
-87.1974206,-34.4961976,1.207504148,1.579098827
-36.887071,-7.8226676,1.207533988,1.564535441
-58.0206138,-16.9558458,1.207525221,1.579102438
-80.109192,-30.4824778,1.128423044,1.475089301
-52.2295786,-14.65866,1.128406679,1.475089246
-38.8637402,-9.3503497,1.128404706,1.475089166
-39.4509324,-7.6306272,1.128525317,1.475085208
-47.6508076,-11.7081514,1.128451283,1.475090665
-43.8143294,-11.3233852,1.466809659,1.629987646
-98.0756124,-41.1005842,1.466938266,1.920444048
-54.657065,-16.7937446,1.466672828,1.732031834
-78.486557,-29.1409184,1.466759136,1.920447261
-69.515183,-24.3110344,1.466723192,1.874431049
-40.5536266,-8.194129,1.528518741,1.56132377
-74.7693698,-28.2258304,1.696374527,1.955487332
-72.9778636,-24.8239674,1.696483537,1.88779338
-38.2255462,-7.7994238,1.501527441,1.556054631
-100.2911404,-41.6321712,1.696453528,2.222920382
-89.208987,-33.3072852,0.924170179,1.204110965
-90.1360436,-36.3935032,0.924163185,1.204111823
-63.3984334,-20.9062882,0.924271586,1.204110582
-56.4379388,-17.6024538,0.924184518,1.204111473
-51.8623948,-15.4245052,0.924186662,1.204111473
-35.7264678,-5.7959126,1.111247529,1.451079001
-69.1502838,-24.2397334,1.111184322,1.451080056
-97.9441866,-41.4725394,1.111192882,1.451081174
-77.0532596,-28.797886,1.111339705,1.451078932
-92.0761792,-36.979033,1.111178798,1.451079134
-56.6224936,-17.7250322,1.589030886,1.751462783
-65.232929,-21.2962676,1.588869435,1.813263915
-32.9624652,-5.3246394,1.441444343,1.508071933
-53.3047538,-16.801502,1.588773783,1.736521817
-26.6333814,-1.3178676,1.372701981,1.430735684
-36.850598,-5.7566972,0.903252904,1.177714924
-54.127166,-15.3993402,0.903246718,1.177714092
-28.893214,-2.3266722,0.903268771,1.177713234
-34.193934,-6.3723262,0.903246496,1.177713486
-56.072952,-17.3642484,0.903254481,1.177713006
-54.5209918,-16.621806,1.30604788,1.707598111
-49.0666254,-13.683744,1.305922909,1.66677915
-69.1404228,-22.215989,1.305784961,1.707598051
-82.4300152,-30.70422,1.305986419,1.70760055
-66.6298858,-23.4902888,1.305758327,1.707598789
-137.3972164,-66.1916936,1.411451781,1.471608554
-147.4892576,-73.20273,1.411364278,1.47160634
-96.2384776,-61.144777,1.411421503,1.471614761
-131.4935566,-73.1781592,1.411359403,1.471618699
-44.6786974,-27.7866706,1.36356842,1.417644926
-69.3960516,-44.9204678,1.534391097,1.617490109
-62.7712944,-46.3729504,1.491186398,1.635866265
-63.1482586,-35.7546092,1.491199892,1.510219158
-104.7970396,-64.3593158,1.777647926,1.839793556
-95.0332796,-56.2940836,1.71047228,1.744981194
-124.4868756,-64.2358442,1.913810775,1.837459585
-69.3050416,-40.913664,1.535327018,1.571650049
-91.4305786,-54.9891096,1.686326247,1.732429615
-67.0492276,-37.1265834,1.519201277,1.527615437
-154.6663066,-85.7439942,2.122251163,2.086630596
-47.664858,-39.332332,1.386333985,1.551517879
-154.9312616,-86.9147098,2.120439761,2.091094486
-64.2326854,-44.0699047,1.499876056,1.605328088
-91.3353756,-54.8833466,1.683220565,1.724586577
-130.3585316,-71.2527186,1.950460801,1.911612791
-59.1905076,-33.0011888,1.381699434,1.439171468
-118.6501846,-66.8887982,1.381706139,1.439167945
-150.8918826,-86.4266554,1.381698542,1.439165411
-105.6046276,-60.7582152,1.381580683,1.439164902
-149.7579556,-87.5730154,1.381699445,1.43916556
-63.6769516,-42.2971454,1.492223031,1.582832268
-155.0708016,-78.0692458,2.018105839,1.991130653
-47.5165136,-35.62223,1.382275554,1.509430852
-146.4288746,-80.1310216,2.018077499,2.013243004
-84.7127066,-45.9122078,1.637278928,1.62146493
-70.9169186,-44.1843918,1.546441502,1.61046917
-123.4118206,-66.8267736,1.907274451,1.870175316
-62.3257999,-47.3246375,1.489204513,1.649007938
-126.2882038,-73.2217902,1.927639995,1.944310808
-151.0215856,-87.1654392,2.097267079,2.1040659
-140.7259726,-69.2831542,1.515304794,1.57913524
-105.7203016,-64.4033994,1.515401756,1.579151657
-146.5904042,-90.7855824,1.515430239,1.579147931
-112.9621146,-57.9788992,1.515323262,1.579153411
-100.6913446,-60.38151,1.515475581,1.579257137
-64.480798,-40.2480988,1.499970102,1.561434384
-144.5981546,-85.417304,1.891483373,1.974308399
-65.0999236,-39.3441984,1.503386458,1.54947816
-152.1556176,-78.6227748,1.891557906,1.974340774
-103.0210076,-66.4728966,1.762770629,1.859878045
-96.2600056,-51.3534916,1.71655262,1.683967768
-155.1882536,-81.3528958,1.995523827,2.028103053
-97.5539476,-51.6571058,1.725442757,1.687519404
-82.7395836,-45.4367202,1.624111411,1.61692184
-110.9601776,-63.0068986,1.819474789,1.819591567
-147.518042,-87.890385,1.283510042,1.347188262
-156.002202,-86.4221736,1.283577771,1.347194421
-119.369703,-66.3853696,1.283645009,1.347203028
-97.344229,-50.095072,1.283504129,1.347210898
-83.312221,-47.9432194,1.283501889,1.3472119
-52.142667,-31.1929024,1.341631267,1.41010842
-78.527082,-52.8006052,1.341716789,1.409963908
-60.971457,-42.789528,1.341666084,1.409956114
-110.874765,-64.0418114,1.341644115,1.40997246
-105.964072,-59.0059744,1.341537156,1.409952838
-72.939088,-46.4405242,1.563767559,1.650770443
-143.381836,-70.2050894,1.849173623,1.92249754
-112.6897666,-62.95421,1.842797401,1.843242739
-162.9558858,-94.355024,1.849017648,1.949552566
-100.677903,-51.0861496,1.756806775,1.697363295
-49.719845,-36.5501848,1.394541648,1.484773853
-54.1873626,-40.5909156,1.412889215,1.484786939
-56.169646,-37.2151184,1.412816201,1.48477814
-61.998571,-37.8217902,1.41280673,1.484913984
-58.429993,-34.601288,1.412900875,1.484811696
-88.613383,-52.5816232,0.882098579,0.921500815
-82.412369,-44.8562636,0.882099018,0.921491002
-164.4060536,-90.875633,0.882100919,0.921510651
-61.1341998,-41.6544546,0.882099173,0.921507151
-143.066877,-82.5116532,0.882099443,0.9214952
-134.8394096,-81.6801974,1.154251097,1.210886656
-120.681825,-74.2838928,1.154253741,1.210894983
-132.8544472,-73.3332842,1.154333331,1.210897731
-79.493909,-42.4822718,1.15425028,1.210895332
-104.803431,-57.0348562,1.15434657,1.210906443
-150.038089,-86.7132926,1.364891481,1.435209058
-65.0653244,-48.8524173,1.364888827,1.435216815
-148.3866088,-83.6692548,1.364965797,1.435224232
-85.2700552,-44.0172532,1.365016237,1.435228088
-144.460814,-89.4396052,1.365087309,1.435217019
-88.867542,-58.6748848,1.673659729,1.797308349
-73.3130694,-45.2237242,1.566632538,1.635622813
-71.587174,-42.1952312,1.550826616,1.590588231
-104.696629,-59.4644578,1.781354941,1.792876552
-130.2300584,-75.5696352,1.912284284,1.988475408
-152.33741,-84.7121626,0.901790607,0.941045885
-77.79936,-48.634154,0.90179056,0.941028995
-123.448469,-67.260433,0.901789985,0.941043885
-157.425794,-90.808031,0.901790535,0.941031782
-130.493727,-78.0610474,0.901790923,0.941045641
-47.4450586,-34.9325033,1.112210844,1.164760264
-82.380725,-57.1394026,1.112210855,1.164759154
-73.825539,-50.9144532,1.112209508,1.164757697
-58.094775,-35.2092082,1.112392044,1.164765877
-75.061441,-45.109726,1.1123805,1.164766554
-79.2007009,-40.016431,1.963399246,2.084042443
-49.1122233,-22.1678434,1.637735669,1.670181191
-67.1082115,-32.51434,1.886640063,1.911032684
-40.2018109,-16.1904356,1.51393164,1.532487934
-42.8261505,-17.6632128,1.548550106,1.562231676
-66.8332347,-32.2395996,1.340193303,1.626697225
-38.3955749,-14.9128406,1.340240901,1.626588285
-73.4893651,-36.2896946,1.340070167,1.626542371
-84.8172315,-43.1880764,1.340228172,1.626526275
-68.8383059,-33.8334756,1.340058185,1.626565129
-28.1510501,-9.2483256,1.223598655,1.378346228
-61.9308203,-29.3847786,1.223731875,1.484621714
-37.1554377,-14.6815816,1.22374615,1.484707618
-58.9737979,-27.787315,1.223577096,1.48464909
-78.3076677,-40.2045834,1.223559797,1.484752625
-36.6121889,-13.8414538,1.461608403,1.47290409
-81.6223951,-41.8064694,1.546318905,1.877549396
-80.9036577,-41.2521804,1.546340781,1.87742797
-71.3851183,-35.1150372,1.546347847,1.877230683
-63.8945801,-30.547684,1.546344752,1.861065285
69.7236663,50.3234008,1.055686268,1.279441654
69.7236663,-42.0557342,1.055698867,1.279321329
-40.9870229,-16.3601206,1.055675812,1.279292615
-77.6746457,-38.6285842,1.055691749,1.27930919
-71.3029167,-34.6689682,1.055704471,1.27928434
-67.9119939,-33.5126014,1.901399685,1.941474889
-49.6382913,-21.7391632,1.648201465,1.668459025
-65.4121977,-31.6859064,1.866129192,1.898475583
-74.3035825,-36.8087166,1.988006679,2.015006313
-45.8892467,-19.5063702,1.594633646,1.613828499
-41.5460065,-16.9804192,1.468518574,1.550623741
69.7236663,-30.4507306,1.468481645,1.782908996
-46.7529083,-19.660208,1.468697882,1.782779472
-73.2030509,-36.5761272,1.468490034,1.782809338
-39.4853561,-15.6193678,1.468699243,1.519092344
-69.5259815,-34.1196504,1.924468788,1.958291016
-56.1253417,-26.5069974,1.739628846,1.782288763
-61.2678045,-29.2184472,1.810084616,1.844090156
-47.6724081,-21.1742058,1.621901807,1.657483437
-44.6661239,-19.3751674,1.580608957,1.616510459
69.7236663,-28.9860474,1.207252737,1.463209558
-62.6411975,-30.2489178,1.207398738,1.463194937
-33.2403379,-12.3131352,1.207223191,1.444484898
-50.4966059,-22.590097,1.207481781,1.463184463
-42.1393343,-17.5721556,1.207257095,1.463421367
69.7236663,50.3234008,1.762241034,2.14081859
-78.7320199,-40.6127902,1.762045831,2.106730673
69.7236663,50.3234008,1.761969071,2.140826279
-32.2809351,-11.653908,1.407138445,1.432108112
-41.7963065,-17.1265396,1.538417978,1.558805973
-72.997567,-36.7770166,1.575207832,1.940901263
-56.824521,-26.4974884,1.57525322,1.791456718
-67.4043954,-31.8639148,1.575309197,1.94069479
-59.1724558,-27.64272,1.575258723,1.940547174
69.3416382,-38.579431,1.575203468,1.940690741
-52.4280578,-23.8282526,1.354372792,1.664288895
-63.1694624,-30.4132826,1.354045034,1.664276548
-44.7212888,-19.6272168,1.35423127,1.620738215
-72.512442,-35.686875,1.354135289,1.66428819
-41.5280854,-16.9971014,1.354032696,1.559895212
-68.0265164,-33.1271704,1.181746144,1.452462083
-39.7815846,-16.0913442,1.181717398,1.452455204
-48.5350478,-21.6818318,1.181722784,1.45263515
69.3416382,49.9358236,1.181698374,1.452400378
-49.2738524,-21.7946707,1.18186087,1.452461377
-37.3392238,-14.3727296,1.390397726,1.480362137
-85.5700128,-43.9395504,1.390396592,1.710001835
-59.694391,-28.340275,1.390349577,1.710074438
-74.8840978,-36.5069282,1.390370112,1.709906845
-64.7975012,-31.6574644,1.390374788,1.709875125
-83.2227378,-42.9328726,1.346614979,1.657558039
-66.6470088,-31.2750068,1.346576098,1.657532176
-43.7806448,-18.357978,1.3468922,1.607494191
-55.3727598,-25.6095344,1.346575124,1.657694815
-57.2010304,-27.3809898,1.346574102,1.657493169
-77.9081574,-39.3148248,1.69490934,2.088713624
69.3416382,49.9358236,1.695277638,2.088780703
-83.3469132,-43.335563,1.695159973,2.088763672
69.3416382,-202.8273784,1.694914261,2.088754512
-67.8682374,-33.2236948,1.694981559,1.961065157
-72.756533,-36.3292992,1.068847287,1.311898039
69.3416382,49.9358236,1.068798481,1.311920714
-37.3031448,-14.5632648,1.068805016,1.312105428
69.3416382,49.9358236,1.068838048,1.31189282
-42.5949446,-17.7931108,1.068795524,1.311899778
-36.4252288,-14.3559994,1.466392722,1.503471738
-48.023083,-21.7082036,1.625427718,1.677698624
-75.627873,-38.1235932,1.62556996,2.004039223
69.3416382,49.9358236,1.625444038,2.004016185
-50.0388494,-22.607655,1.625851109,1.704120458
-77.8267084,-39.1631316,1.521555282,1.874994332
69.3416382,-35.1744252,1.521550693,1.874997396
-42.208179,-17.950331,1.521590361,1.602348076
-37.0083606,-14.1339818,1.521489898,1.874751584
-76.2749344,-37.786204,1.521565294,1.874984947
-47.1260282,-20.6537584,0.827597163,1.012504944
-65.5590786,-32.5760262,0.82760422,1.012522692
69.3416382,49.9358236,0.827621284,1.012683736
-75.5515982,-38.2066876,0.827617352,1.012484305
-81.5959692,-41.8088416,0.827635531,1.012486567
-53.5939916,-30.4462328,1.47055532,1.605084326
-73.4899816,-38.7740488,1.651531005,1.761182065
-117.0899486,-57.1539098,2.037553061,2.108617724
-65.7823616,-28.7897918,1.582940715,1.572520262
-76.8912226,-35.4978738,1.684464303,1.658368376
-90.9959186,-44.6445748,1.164802489,1.233515023
-63.1368826,-34.7024318,1.164756414,1.23352491
-50.4402806,-25.5129388,1.164752753,1.233523976
-61.8133886,-30.6290708,1.164759514,1.233515532
109.0744014,55.7167122,1.164932965,1.233529344
109.0744014,55.7167122,1.514341996,1.609396444
-50.9642486,-25.3703068,1.449987072,1.516951159
109.0744014,55.7167122,1.514078811,1.609385271
-60.7092952,-33.62087,1.514259598,1.609383669
-88.607078,-46.1725972,1.51448394,1.609376761
-118.0392296,-57.8483838,1.686935132,1.793285984
-115.7441126,-54.6805508,1.686890561,1.793310561
-98.2134326,-46.6473688,1.686926865,1.793316995
-69.2718746,-35.7130058,1.613312431,1.703107744
109.0744014,55.7167122,1.686928513,1.793309614
-71.3381556,-33.0682888,1.485809268,1.577276684
-99.0041456,-44.7486598,1.485775241,1.577196378
-57.1137066,-25.4544918,1.485777753,1.51391747
-110.8350056,-55.0963238,1.485775336,1.577188799
-98.8380266,-48.7973138,1.485819393,1.577214811
-76.0346986,-38.9517868,1.677868044,1.771799205
-56.9938886,-29.6640298,1.504531049,1.596848556
-114.4467706,-54.1035898,1.816039601,1.933946085
-92.6355806,-45.9935488,1.816212934,1.906728867
-120.6227206,55.7167122,1.816068702,1.933927229
109.0744014,55.7167122,1.205279912,1.274770184
109.0744014,55.7167122,1.205278269,1.274794188
-93.5576076,-53.1052958,1.205360548,1.274792043
-124.1817196,-59.8441528,1.205302466,1.274766553
-48.5629996,-22.8588108,1.205588249,1.274788833
-108.2625176,-54.0132708,1.884443285,2.00411147
-112.8479876,-55.4204048,1.884254283,2.004114518
-58.1087426,-27.3353288,1.884358385,2.00410088
-86.4005516,-41.3669458,1.764478521,1.795487741
109.0744014,55.7167122,1.884246845,2.004092361
-68.7545406,-31.1090318,1.493645076,1.585732051
-91.7989596,-38.7250378,1.493619646,1.585678277
-124.3346966,-59.8614518,1.493623698,1.585593392
-118.2224686,-53.1490568,1.493614509,1.585601739
-123.0240776,-55.7926388,1.493618116,1.585599427
-125.9888916,55.7167122,1.330749769,1.410816567
-66.6476386,-33.1625138,1.33065878,1.410799978
-104.3205786,-49.5249988,1.330655672,1.410799522
-90.0983016,-43.3943768,1.330666987,1.410801823
-59.736431,-29.0720942,1.330692272,1.410879566
-59.150943,-31.343212,0.830763781,0.889232114
-91.656587,55.121221,0.830780711,0.889249713
-113.595058,-54.317462,0.830775392,0.889238893
-111.145209,-54.500403,0.830752226,0.889235448
-111.792077,-51.934965,0.830788753,0.889219827
-90.403212,-47.014707,1.69384776,1.845890542
108.477109,55.121221,1.693554707,1.845915802
-112.1492926,-52.965009,1.693643021,1.845997558
-121.041925,-56.232308,1.69369464,1.845913696
108.477109,55.121221,1.693680887,1.845909951
-68.950435,-32.914376,1.621429957,1.690708538
-58.73538,-33.138982,1.527664394,1.701703116
-107.0267822,-55.685721,1.757221232,1.918511621
-76.2053058,-41.962195,1.69221064,1.824726078
-95.956905,-44.022942,1.757232831,1.907815415
-110.304097,-52.80384,1.776343608,1.93637872
-64.060957,-34.728506,1.565028589,1.700518935
-63.10114,-33.044868,1.558687974,1.668690274
-72.221311,-32.764865,1.643327229,1.66053307
108.477109,55.121221,1.776345096,1.936472676
-94.0289512,-42.360207,1.395353475,1.514604443
-87.984329,-45.945418,1.395229049,1.514608516
-81.877115,-37.334792,1.395210189,1.51481393
-108.306324,-61.232149,1.395265855,1.514610133
-92.812583,-44.375187,1.395322207,1.514626916
-102.903526,-55.457357,1.154081753,1.245992001
-114.806637,-52.696097,1.154128117,1.246003487
-79.252465,-36.907281,1.154148116,1.246007067
-118.936202,-59.114255,1.154039115,1.246016043
-95.74228,-44.354351,1.154090974,1.246021242
-72.694535,-38.723382,1.050503205,1.134309452
-84.5568,-38.196886,1.05076373,1.134459586
-95.578344,-49.174421,1.050502562,1.134275669
-116.383954,-54.242466,1.050522238,1.134311954
-84.01206,-42.634634,1.050506279,1.134283975
108.477109,55.121221,1.402042438,1.525692137
-121.378309,-59.825092,1.402089435,1.525648799
-67.523228,55.121221,1.402322109,1.525672513
-53.794339,-29.589103,1.402208664,1.525751862
-90.106725,-45.586032,1.402104903,1.525788707
-86.415781,-42.928405,1.156384879,1.251244376
-123.512414,-59.314782,1.156361658,1.251236663
108.477109,55.121221,1.15636229,1.251199664
-104.608192,-51.090152,1.156359056,1.251241917
108.477109,55.121221,1.156396725,1.25129927
-49.589293,-23.243901,1.176074654,1.272347845
-86.372324,-40.291368,1.176015033,1.272370947
-78.6472992,-36.634789,1.175741876,1.272345355
108.477109,55.121221,1.175770995,1.272379208
-101.437681,-51.769655,1.175742286,1.272336233
-45.7751544,-44.7159864,1.463162517,1.468623149
-55.0282184,-53.9677834,1.547853239,1.534923113
-121.7465354,-137.8399254,2.157046922,2.13589974
-101.9755014,-114.0404954,1.976600496,1.965462131
-90.7104484,-99.0863214,1.873077227,1.857627823
-87.5540644,-93.2443554,1.845850038,1.816702489
-54.2075424,-55.4442554,1.539736778,1.545097802
-43.8693844,-43.2333954,1.446613986,1.458892868
-47.4395674,-47.7389004,1.479146507,1.491053918
-60.4690634,-65.5706964,1.597770467,1.618774865
-54.5291214,-53.5982214,1.54426804,1.532984714
-100.5685714,-113.7921534,1.964771905,1.96455313
-77.1806804,-83.9818514,1.751391505,1.751014736
-110.0665074,-124.6742794,2.049727241,2.041175604
-40.6510934,-39.4449894,1.41624925,1.431035507
-53.0641594,-54.1375904,1.526492652,1.53376421
-94.3745224,-105.6278954,1.905192785,1.903581342
-107.8717234,-121.6370294,2.027855772,2.017813653
-43.862324,-49.0687214,1.448387746,1.501629402
-46.1870314,-44.3973944,1.463875632,1.464087444
-54.8489704,-56.2456594,1.258364404,1.381601384
-82.8408404,-90.6704934,1.258266501,1.381501437
-67.8444724,-70.9340594,1.258287005,1.381584674
-92.5172314,-100.9257614,1.258285385,1.381494097
-71.5246134,-77.3088134,1.258313332,1.381504553
-84.1509424,-93.1351374,1.747029637,1.812252973
-91.3006374,-102.1123154,1.746893039,1.877298965
-87.0382534,-96.3498974,1.746896133,1.837752407
-115.2578564,-128.5519914,1.746896052,1.915191502
-75.4835824,-82.4410354,1.730478047,1.735973671
-107.9106914,-121.7136514,1.778816423,1.94978984
-51.832261,-59.1047806,1.520473694,1.572914723
-71.7617954,-78.5327514,1.696375743,1.707877345
-88.0095374,-96.4450434,1.778611437,1.836055437
-49.0157584,-50.2382894,1.488391338,1.50506934
-106.5735854,-117.1012074,1.946687472,1.983918384
-80.8411094,-87.5401434,1.778849853,1.771913793
-122.3498874,-135.9829794,1.946868197,2.118028401
-109.5126254,-123.5397304,1.946844618,2.029238138
-122.6426714,-137.9583094,1.946770185,2.132976107
-55.0202234,-55.5509764,1.546479201,1.545192415
-113.6959144,-128.1375784,1.733891229,1.900738567
-89.6279134,-100.0548364,1.733980387,1.863341724
-103.0781244,-116.8177484,1.733893338,1.900742442
-63.4858464,-68.2313734,1.623932902,1.636563323
-49.4821892,-55.0392578,1.501410544,1.545943646
-44.8086104,-43.7538564,1.456451227,1.463545214
-85.1216954,-94.2351644,1.823796946,1.824547669
-49.3309357,-55.9985529,1.500498529,1.553161887
-77.2717554,-82.0736924,1.752554205,1.737573129
-59.772674,-62.035787,1.488047783,1.597375029
-48.3182814,-55.0737564,1.488010637,1.558385437
-62.929288,-65.532437,1.487876109,1.621087933
-47.409376,-53.4412748,1.488111887,1.544190963
-90.771407,-101.377335,1.487858361,1.631696816
-126.516555,-140.2378,1.355319461,1.488379291
-52.051626,-51.6438184,1.355460864,1.488360897
-68.94113,-72.604458,1.355474868,1.48836049
-35.956037,-31.919129,1.355389802,1.372462287
-61.362464,-64.377554,1.355558282,1.488378633
-123.622562,-140.316366,0.800018157,0.882284603
-123.216411,-137.886437,0.79999873,0.88228063
-112.277239,-127.199121,0.800020757,0.882280289
-91.738645,-99.347933,0.800029959,0.882277121
-44.39133,-42.943161,0.80002128,0.882286859
-54.297217,-56.50643,1.114444159,1.226210638
-75.245012,-80.387747,1.11433156,1.226194875
-62.898661,-67.877481,1.114341356,1.226128878
-77.079076,-82.047493,1.114330903,1.22611743
-93.254403,-103.822109,1.114668958,1.226119368
-65.565679,-69.936765,1.156774664,1.271736706
-119.008615,-135.017449,1.156572053,1.271723907
-51.355944,-52.078648,1.15662377,1.271723079
-39.477333,-36.536869,1.156610251,1.271747359
-55.660488,-57.226492,1.156571677,1.271722215
-53.380086,-54.012363,0.90273698,0.994217901
-51.648001,-53.224969,0.902729697,0.994213444
-77.456646,-81.645843,0.902734454,0.994209435
-84.125573,-88.884813,0.902727183,0.994206067
-120.188076,-134.724668,0.902746625,0.994209893
-117.300869,-133.052719,1.597014617,1.749522811
-59.106466,-64.8656288,1.589386666,1.627595798
-42.484284,-40.869137,1.43663563,1.445622388
-62.261807,-65.071047,1.597213731,1.620131169
-96.342069,-105.389195,1.597081376,1.749490347
-40.707995,-37.891149,1.421843906,1.424344207
-119.229031,-134.258923,1.796594883,1.967024503
-95.324757,-103.970935,1.796641186,1.906948251
-117.340392,-128.277495,1.796819739,1.967020175
-95.556339,-104.480875,1.79681209,1.906022644
-82.343252,-90.345952,0.883272848,0.973605745
-63.63315,-67.082,0.883245027,0.97360748
-37.327292,-33.426752,0.883254665,0.9735973
-76.44681,-81.930623,0.883247458,0.973602458
-37.5580036,-40.719015,0.883258276,0.973602179
-41.777986,-39.548859,1.434631246,1.439369838
-122.111011,-136.532482,1.82137423,1.993603958
-87.854535,-96.659317,1.821331631,1.857748599
-85.535174,-92.740943,1.821501926,1.828278167
-116.482223,-132.022449,1.821335184,1.993659437
-194.069059,-142.190882,2.067101842,2.056241446
-104.327135,-74.42996,1.584650781,1.592931749
-133.113448,-95.864751,1.73900043,1.738847404
-109.379701,-79.726513,1.612609031,1.630517114
-145.451586,-108.147996,1.806497396,1.824691423
-144.669845,-105.658127,1.470758286,1.559293819
-106.631542,-77.267757,1.470664531,1.559276566
-114.215266,-82.944917,1.47066051,1.55929367
-108.029288,-76.551526,1.470657713,1.559277943
-179.641633,-132.581792,1.470665395,1.559290996
-89.117059,-62.977961,1.258315167,1.333656572
-194.527916,-144.35396,1.2582671,1.333653634
-146.992879,-106.873629,1.25834913,1.333657278
-189.774892,-138.915089,1.258268562,1.333668358
-157.687647,-116.750514,1.258269297,1.333647848
-179.00767,-133.982379,1.988808872,2.003679118
-84.867067,-59.415559,1.481975602,1.492659081
-200.053864,-149.326667,2.03712702,2.107927982
-93.102751,-67.233577,1.527390036,1.548086825
-149.048267,-110.395742,1.826308203,1.84093103
-192.042802,-143.443579,1.589958105,1.685472953
-131.043589,-97.031884,1.589960547,1.6854814
-179.826033,-133.550207,1.590037028,1.685537345
-189.595123,-138.509147,1.589942001,1.68547749
-186.372332,-138.38946,1.590001934,1.685479015
-179.537826,-133.177994,1.990385332,1.996508951
-197.106301,-146.458505,2.08413717,2.086591626
-202.416915,-150.967816,2.112564522,2.117084218
-110.456626,-80.584587,1.617792027,1.635816277
-140.064734,-103.51811,1.778964725,1.794901255
-75.594494,-56.870808,1.266336145,1.342053783
-162.029582,-118.48242,1.266303142,1.342047286
-192.630252,-141.080968,1.266332417,1.342042201
-133.371818,-97.787126,1.266252849,1.342041407
-118.13588,-86.537507,1.2663196,1.342049237
-200.917956,-148.576362,2.101183641,2.096764312
-134.238339,-98.291292,1.743243539,1.753258209
-216.244895,-158.579591,2.186453235,2.168550285
-121.75588,-86.902465,1.677666082,1.677072351
-66.506516,-44.790397,1.379396953,1.387845933
-92.3782,-67.349306,1.520052853,1.546945401
-125.955473,-91.423503,1.700933869,1.708775956
-183.116391,-135.262083,2.008424398,2.009137412
-94.49592,-66.74583,1.532157043,1.540715296
-156.965492,-114.409578,1.866812102,1.86540372
-113.412518,-83.867325,1.099845893,1.164962371
-116.811109,-86.556053,1.099843723,1.164961971
-95.844424,-77.1678376,1.099845762,1.16497429
-110.968239,-80.580549,1.099850025,1.164959178
-104.653913,-76.494759,1.099851797,1.164960376
-144.280698,-104.454165,1.607210592,1.709933025
-149.450548,-110.734006,1.607200498,1.709931293
-98.776497,-69.479159,1.558257462,1.564648173
-188.858786,-141.48649,1.607277445,1.709919782
-149.238717,-108.94928,1.607094702,1.709924456
-92.971545,-65.744258,1.525837851,1.53645611
-207.660142,-152.345124,1.845102143,1.964125718
-121.15173,-89.257706,1.683165506,1.706602423
-174.273615,-128.90774,1.84510063,1.964263544
-104.619728,-75.153971,1.588246339,1.602379561
-162.923629,-120.976735,1.604655732,1.707241064
-89.649125,-63.274064,1.510685874,1.522993967
-127.26198,-94.205356,1.60462089,1.707154269
-191.079139,-142.010836,1.604766601,1.707103988
-204.105421,-153.597587,1.60461642,1.707107885
-73.327463,-57.535796,1.357161931,1.442358146
-212.787212,-156.896221,1.357159572,1.442354414
-196.584109,-144.610417,1.357308212,1.442356761
-163.969698,-121.618069,1.357341106,1.44235647
-75.638044,-53.93888,1.357324637,1.442349257
-156.069072,-112.953111,1.770140168,1.866112236
-174.441606,-128.926049,1.770007332,1.884351507
-109.49176,-79.521338,1.613327147,1.630811164
-189.16267,-138.89462,1.770042266,1.884365454
-101.429772,-72.177158,1.571314773,1.580094768
-212.851563,-157.246224,1.046856898,1.110734076
-147.092188,-107.440735,1.046855659,1.110749792
-132.279053,-96.883065,1.046858729,1.110749303
-172.700496,-128.764993,1.046857755,1.110738284
-65.534791,-48.08232,1.046856516,1.110735903
-86.879938,-60.964768,1.490782999,1.501661854
-179.58787,-131.209622,1.541031423,1.639960336
-135.880979,-100.698448,1.540957343,1.639964901
-158.559972,-115.705147,1.541141432,1.63996463
-85.675384,-59.632684,1.487032897,1.495389381
-133.76851,-97.676596,1.749714048,1.760603031
-176.44755,-130.812976,1.780150386,1.895500501
-85.496748,-68.557152,1.501640099,1.576768627
-101.791974,-74.648392,1.569761396,1.601842383
-115.972149,-83.425592,1.65078772,1.659941549
-162.672156,-121.262134,0.923546123,0.979174837
-82.918992,-59.628271,0.92354993,0.979175424
-67.927313,-47.466872,0.92354535,0.979170501
-169.722577,-126.421973,0.923550524,0.979175921
-117.077126,-84.859707,0.92354851,0.979168626
-160.636297,-118.307157,0.929245813,0.985895748
-167.042839,-123.411255,0.929246367,0.98589177
-183.640186,-136.687756,0.929249166,0.985906824
-175.202779,-128.761222,0.9292505,0.985906361
-153.917215,-112.997561,0.929245785,0.985897412
-64.6539394,-65.4222696,1.784809553,1.833961877
-50.1396284,-48.8590016,1.606773006,1.64201086
-42.4619884,-39.1147836,1.509836629,1.526425883
-39.2812744,-34.6355996,1.46901193,1.472733799
81.2233566,93.3250164,2.19238223,2.375799388
-78.3672894,-73.1775876,1.958375396,1.928118365
-70.5383674,-64.9820666,1.864306344,1.835342118
-72.9494944,-73.3691796,1.894993469,1.934082173
81.2233566,93.3250164,2.135621187,2.314014394
81.2233566,93.3250164,2.135556528,2.314005296
-48.8619814,-42.2714336,1.598468039,1.572531161
81.2233566,93.3250164,2.407682956,2.60814786
81.2233566,93.3250164,2.407638328,2.608161509
-41.6908114,-38.1648946,1.508597724,1.523108825
81.2233566,93.3250164,2.407659223,2.608154393
-39.9413824,-34.0458176,1.342539159,1.456312109
-76.4404524,-76.4212306,1.342521691,1.456301357
-56.9111674,-51.3626366,1.34248979,1.456285751
-54.7573364,-54.4311786,1.342520164,1.456301072
-79.2287424,-70.4192976,1.342486279,1.456308234
-60.7186644,-61.7508856,1.341661195,1.455443555
-37.5253464,-31.0987876,1.341687664,1.436090927
-55.4967324,-56.0362656,1.341685302,1.455509654
-82.5596164,-77.7783096,1.341790351,1.455363911
-81.9457504,-83.0581776,1.341664402,1.455371378
-86.6696944,-81.3085756,1.597957357,1.731970422
-77.0545114,-78.4486836,1.598194514,1.731971894
-63.5399604,-60.9567396,1.597926942,1.731973783
-82.0607624,-79.0385316,1.597945432,1.7319811
-66.4799734,-67.2382836,1.59792253,1.73198173
81.2233566,93.3250164,2.112898322,2.289320395
81.2233566,93.3250164,2.112851835,2.289346534
81.2233566,93.3250164,2.112925892,2.289338016
81.2233566,93.3250164,2.112878914,2.289344548
-81.3959776,-91.5073496,2.001814038,2.101679078
-48.3017034,93.3250164,2.361816146,2.558578077
-49.0000614,-45.8851426,1.597199485,1.611745122
-75.8689584,-73.1138926,1.929269258,1.929275045
-80.6655364,-77.2641156,1.989050395,1.978250227
-37.5913054,-36.4702216,1.454209183,1.500135319
-65.0327014,-64.1903136,1.25187598,1.358391592
81.2233566,93.3250164,1.251883146,1.358402896
-56.0131254,-51.2398416,1.251915849,1.358381588
-43.0182034,-44.6449856,1.251856647,1.358386935
-53.9930914,-48.1754866,1.251855405,1.358397003
-94.5923264,-92.0675756,1.630062508,1.767167074
-42.4152274,-44.8209976,1.514920863,1.598571143
-29.1367904,-23.5734376,1.348906011,1.348183332
-81.7097504,93.3250164,1.630251883,1.767148976
-49.1587614,-48.7437796,1.597605155,1.643164124
-79.045832,-79.24972,1.290041526,1.402050513
-87.944288,-78.893398,1.290039946,1.402063457
-61.513469,-56.411209,1.290119172,1.402053523
-35.892991,-31.83051,1.290329201,1.402049432
-37.140239,-34.760374,1.29021894,1.402080351
80.513588,92.623055,1.316616694,1.432419605
80.513588,92.623055,1.316720695,1.432439337
-80.386946,-77.524556,1.317029121,1.432454167
-38.534802,-34.115922,1.316708611,1.432429536
-44.793463,-38.570372,1.316974233,1.43257369
-91.519021,-85.611617,0.792889895,0.865110061
-40.746198,-37.819578,0.792869103,0.865102737
-45.125567,-48.116459,0.792897744,0.865107345
-75.825035,-68.101606,0.792877544,0.865137535
-53.240583,-50.762541,0.792861221,0.865114344
-70.06545,-63.772271,1.587619028,1.725428584
-48.901822,-41.82018,1.587788003,1.563622944
-54.435343,-56.953964,1.587620703,1.72553961
-93.453791,-94.722963,1.587650103,1.725384083
-62.270152,-59.503433,1.587635633,1.725384025
-38.800572,-33.841908,1.134467746,1.234518244
-71.868919,-71.185076,1.133919121,1.23454426
80.513588,92.623055,1.134243289,1.234621447
-57.660143,-55.421219,1.133956155,1.234548072
-86.308842,-85.161171,1.133920339,1.234528817
-34.168327,-29.913184,0.75368359,0.824050228
80.513588,92.623055,0.753706439,0.824078679
-39.900633,-33.518807,0.753674111,0.824062276
-88.640941,-86.290601,0.753713737,0.82408048
-51.790408,-50.490905,0.753685564,0.824079145
-91.155242,-90.489462,0.901483796,0.9825448
-69.0039,-62.86094,0.901509211,0.982532956
-88.194817,-83.926926,0.901516609,0.98253017
-74.48914,-65.315784,0.901478174,0.982514109
-48.230406,-43.947085,0.901495373,0.982663556
-35.860497,-31.4769,1.441440817,1.451713171
-36.687771,-31.023477,1.461143005,1.455339348
-60.040959,-53.680241,1.592283145,1.720792046
-69.595857,-61.718855,1.59234158,1.72888095
80.513588,92.623055,1.592201618,1.728820946
-79.359972,-70.263895,1.088142085,1.184046772
-70.388104,-66.563012,1.088034969,1.184021955
-73.25314,-70.49252,1.088035117,1.184066258
-56.913312,-59.161781,1.088031521,1.184054429
-49.602211,-44.075547,1.088042474,1.184027894
-83.709905,-83.569513,1.386495254,1.506639043
80.513588,92.623055,1.386477013,1.506629351
-74.521833,-74.186635,1.386503182,1.506656861
-71.419944,-74.588215,1.386499516,1.506651197
-70.212206,92.623055,1.386539189,1.506637553
-143.816995,-89.197662,1.215645595,1.300782645
-87.068143,-56.777156,1.215816356,1.300794793
-116.900138,-67.724766,1.215661636,1.300800623
-76.956022,-52.210929,1.215676335,1.300788883
135.532463,92.470644,1.215642008,1.300799276
-104.377563,-58.02355,1.763415339,1.731005332
-75.328061,92.470644,2.284818128,2.455818063
-72.406019,-40.483382,1.526453756,1.526436101
-95.268785,-57.675803,1.694704642,1.724716457
-137.650455,-82.731299,2.008521596,2.016109728
-138.519368,-88.165454,1.998538326,2.079874473
-124.822669,-74.18087,1.913468709,1.917186555
-99.113502,-64.340001,1.724563362,1.804840562
-148.763013,-89.580247,1.998430216,2.09763489
135.532463,92.470644,1.998360764,2.146883193
135.532463,92.470644,1.329551285,1.423984451
-76.241846,-43.376101,1.329698768,1.423872384
-137.070746,-92.475826,1.329560036,1.423853854
-121.073166,-74.248993,1.329738889,1.423850418
135.532463,92.470644,1.329741058,1.423860399
135.532463,92.470644,1.663043291,1.783580432
-143.173989,-87.063302,1.663022208,1.783602333
135.532463,92.470644,1.663039861,1.783568025
-93.259876,-61.507072,1.663573727,1.763079913
-71.27501,-46.50397,1.513208179,1.588584887
-75.802681,-53.056416,1.170703268,1.25260595
-89.613341,-60.097992,1.170664098,1.252618057
135.532463,92.470644,1.170650279,1.252584319
135.532463,92.470644,1.170818502,1.252589087
135.532463,92.470644,1.170649175,1.25259759
-143.905176,-84.687263,1.423661603,1.526293226
-94.346824,-59.722046,1.423623821,1.526283229
135.532463,92.470644,1.423709722,1.52633378
135.532463,92.470644,1.423620387,1.526311762
-151.612422,-90.866416,1.423622658,1.52631002
-94.440361,-57.537823,1.691846903,1.728315616
-76.098587,-51.541974,1.556604367,1.659581671
-137.04413,-81.024928,1.912307814,2.000510305
-145.686043,92.470644,1.912300004,2.054305863
-101.698605,-64.358793,1.745832833,1.808428281
-141.85216,-83.885462,1.426718399,1.529758488
-146.293039,-87.664556,1.426764649,1.529754821
-106.523367,-68.811162,1.426701402,1.529765524
-94.208211,-55.36176,1.426713564,1.529757724
-128.867962,92.470644,1.426765587,1.52974331
135.532463,92.470644,1.959016846,2.104136039
-125.335318,-80.171256,1.91933451,1.909013959
-93.069469,-52.045065,1.680407715,1.662550263
-88.926228,-59.788355,1.649914178,1.752998899
-66.710221,-40.769664,1.484833522,1.530838441
-89.599975,-54.801486,1.62867392,1.722862606
134.51792,91.462659,1.628648101,1.76707884
-109.454346,-60.952766,1.628664321,1.767071978
134.51792,91.462659,1.628968178,1.767069682
-112.979268,-70.399936,1.628668326,1.7670798
-145.096832,-84.474192,1.194249406,1.291213601
-62.499332,-38.586995,1.194243161,1.291189694
-59.322977,-34.702326,1.194685888,1.291175607
134.51792,91.462659,1.194265811,1.291204968
-58.899135,-36.170463,1.19460566,1.291278693
134.51792,91.462659,1.745717593,1.895149645
-132.684774,-84.242737,1.745785446,1.895138915
-105.795671,-64.905647,1.746192446,1.849497453
-68.87306,-46.926925,1.516278005,1.633757398
-126.599329,-81.868875,1.745778233,1.895171174
134.51792,91.462659,1.019083396,1.098471901
-106.723787,-61.022502,1.019299756,1.098447558
-143.40376,-82.198058,1.019063852,1.098460328
-111.328773,91.462659,1.019101809,1.09847176
-131.329377,-78.924757,1.019070895,1.098465269
-102.085437,-67.610297,1.386068599,1.500379372
-103.565216,-61.713101,1.385830569,1.500141797
-111.99025,-67.042378,1.385856639,1.500185537
134.51792,91.462659,1.385817462,1.50027879
-98.467145,-62.630176,1.385785865,1.500278234
-120.077161,-69.072329,1.756539092,1.882402679
-139.315183,-98.969381,1.756347783,1.907867453
-128.260165,-81.497681,1.75677704,1.907866508
-97.828759,-64.860208,1.727608529,1.837687819
134.51792,91.462659,1.756348178,1.907894499
-133.181798,-83.763497,1.430338244,1.547044331
-117.145904,-69.958322,1.430344845,1.546914069
-94.805554,-62.221989,1.430332511,1.54687123
-79.251222,-47.014295,1.43034011,1.546854872
-80.143171,-55.966014,1.430301268,1.546906381
-158.089637,-97.148063,0.829815655,0.886914281
-91.984464,-60.6461,0.829811857,0.886883757
-133.36189,-80.035217,0.82986222,0.886874759
134.51792,91.462659,0.829843641,0.886879603
-89.904567,-54.7931,0.829829258,0.886878267
134.51792,91.462659,1.591736452,1.725845863
-75.462395,-45.859091,1.55992463,1.609207265
-125.858097,-75.469428,1.591788788,1.725855063
-113.509055,-65.728555,1.591684968,1.725844894
-95.788855,-58.464156,1.591853689,1.726010933
-71.190219,-44.574359,1.429068182,1.548259716
-157.540384,-95.506522,1.429289436,1.548346153
-67.762216,-39.576159,1.429066271,1.536633011
-126.128405,-79.885423,1.429009441,1.548180105
134.51792,91.462659,1.42938878,1.548214791
