Slight,Moderate,Severe,Complete
1.918235706,1.852156433,1.887296061,1.889112584
2.117070484,1.976959788,1.981399362,2.007264306
2.048850382,1.970528125,2.029225039,2.047299299
2.053665419,1.855194339,1.81611414,1.817910956
2.115070042,2.033139929,2.11741167,2.159074171
2.189896697,2.089983368,2.144950139,2.167909653
1.895010871,1.741683422,1.685509552,1.692902412
2.071662003,2.007274732,2.007141389,2.009225525
2.07743811,2.036138012,2.103065936,2.124010709
2.150405466,1.998951512,1.971181129,1.977755575
1.98814388,1.873282902,1.83046867,1.824461672
1.692828129,1.604198552,1.537114804,1.537194663
1.948272449,1.782839569,1.741515214,1.749024465
1.875903254,1.787186714,1.810985751,1.82861379
1.777004002,1.573189193,1.439745327,1.428198329
2.038525448,1.879190758,1.842344308,1.83990715
2.02584039,1.884397407,1.851771692,1.858307665
1.676120877,1.555453914,1.437535782,1.42143453
2.137925172,2.044775984,2.082632638,2.089768507
2.018121109,1.889870798,1.895395749,1.885168144
1.959619521,1.8950508,1.939001458,1.96389775
1.956348778,1.817544572,1.802202968,1.816560633
1.925302139,1.78220044,1.779695058,1.787570925
1.788661966,1.588152045,1.61026997,1.60571561
1.652733018,1.730722665,1.802818296,1.81449224
1.638714049,1.598756922,1.515871684,1.498981807
1.977449068,1.933023222,1.93918492,1.950046817
1.973875413,1.885179927,1.879235286,1.877247872
1.769842744,1.580936787,1.522280044,1.549888552
1.644985118,1.622144066,1.559247653,1.540392272
2.077566985,2.084127816,2.090573147,2.087921409
1.906464529,1.831307331,1.884444094,1.89924804
2.035861943,2.011472674,2.049729147,2.059633704
1.833694167,1.745725511,1.705312305,1.698606334
2.010833501,1.906462032,1.944766476,1.974109844
1.72128531,1.668736573,1.622272771,1.636900523
1.971546488,1.841644228,1.846089874,1.848305133
2.092585713,2.090602702,2.196312028,2.20980199
1.582609961,1.601514951,1.635483397,1.655093571
1.710949144,1.762505444,1.817308311,1.815218856
1.974507699,1.830943592,1.835020526,1.83377623
1.689127223,1.578347562,1.56863993,1.57861324
1.711855734,1.645900562,1.670563911,1.676518997
2.032662256,1.814275349,1.77036403,1.75479827
1.556640865,1.448995286,1.505335595,1.51869564
1.681713603,1.588091415,1.541013873,1.52874226
1.927613744,1.931681454,1.960485305,1.983864555
1.88043763,1.745440658,1.670640713,1.681577304
1.909418853,1.887834865,1.877527164,1.879757273
1.838396109,1.712663527,1.627961309,1.62988005
1.857986849,1.949718595,2.065901727,2.104078689
1.614006195,1.49475626,1.456819075,1.457881776
2.137777313,2.127500025,2.04306472,2.056185529
1.649784065,1.714392037,1.791645687,1.808726327
1.730423078,1.686694578,1.718468233,1.72848913
1.855099883,1.802789365,1.843690128,1.851708421
1.900024251,1.941570952,2.010929372,2.013507491
1.925748816,2.046854512,2.052976695,2.059598233
2.020913473,1.9843894,1.944645277,1.948879349
1.899599399,1.90376339,1.971308363,1.964761407
2.036036975,1.982928984,1.916403451,1.920414971
1.937945706,1.871231109,1.7989018,1.795261459
1.879690758,1.874291502,1.860349091,1.855558834
1.680963922,1.626070482,1.56460831,1.558679326
1.882286325,1.773339352,1.696921314,1.69350049
1.651549602,1.673973724,1.670238563,1.669744213
1.48509944,1.463720498,1.495125034,1.503177226
1.783718382,1.917420416,1.932956977,1.950202312
1.741364266,1.727946195,1.625865482,1.633718691
1.966978501,1.876541809,1.885397215,1.899005858
1.6990458,1.658985769,1.678015243,1.672146135
2.097146357,1.907235825,1.874546628,1.882473068
1.873978652,1.744527992,1.730014544,1.734711991
2.172955476,2.058191726,1.979801256,1.986760323
1.964057428,1.728334596,1.670091948,1.663561089
2.071474887,1.961464791,1.865483262,1.867302875
2.069046682,1.95176092,1.840241933,1.842046487
2.008015291,1.878870333,1.761535717,1.756257812
1.959928103,1.792756844,1.70615524,1.699420727
1.905708049,1.805649564,1.70141817,1.699953851
1.625318307,1.763612855,1.989676607,2.018647254
1.498528314,1.518739533,1.526799165,1.550272152
1.776067784,1.899282269,1.980569461,1.987679292
1.59894716,1.635538066,1.801789342,1.83408064
1.528992374,1.642212788,1.758106715,1.76271569
1.8109156,1.709120068,1.662067593,1.662162623
1.892674975,1.844072521,1.852171737,1.855088473
1.92544845,1.799792099,1.727469422,1.723759354
1.836216462,1.747929384,1.676615072,1.673326762
1.810596943,1.734959188,1.676494054,1.67129089
2.022538138,1.940009849,1.835956384,1.836796242
2.124932042,2.031564397,1.899898048,1.908802834
2.067549719,1.929650627,1.851016044,1.850879395
2.046280953,1.910313081,1.80310801,1.806495879
1.998719623,1.870883528,1.761249571,1.765873738
2.139488105,2.001947925,1.911673076,1.918082502
2.109425091,1.95180242,1.944277954,1.947059998
1.871335217,1.697747926,1.647199344,1.640859101
1.996342825,1.835274833,1.795031219,1.807497407
2.082517763,2.021329286,1.994169141,1.998607052
2.032163966,1.948731418,1.851088612,1.858968796
2.027628275,1.994475247,1.995632738,2.000674831
1.870787423,1.911896212,2.003340965,2.016558873
1.636044786,1.673601404,1.666118841,1.676344243
2.417722934,2.36399671,2.285693911,2.285278899
1.907781541,1.834243622,1.791080064,1.79592043
1.873894381,1.760248485,1.786867499,1.81025978
1.848166481,1.760264519,1.722819615,1.720211418
2.139317202,2.024976867,2.002764653,2.005806221
2.009987318,1.934826247,1.853277304,1.869110905
2.019186775,1.860174323,1.826793578,1.828779878
1.937942781,1.835819632,1.947127911,1.947508109
2.223173783,2.240687744,2.331729597,2.326882738
2.091034723,2.149567766,2.201965104,2.195620295
2.106473529,2.178293861,2.291832777,2.290901516
2.163923706,1.936362788,1.868494033,1.886816435
2.381140507,2.071342441,1.958478339,1.978902316
1.799289206,1.649681643,1.569130094,1.579385566
2.239175237,2.143335653,2.117842477,2.110183173
2.042897895,1.879460511,1.798584877,1.800823787
2.288009499,2.145345423,2.100422465,2.097818287
2.257826553,2.204548363,2.236571351,2.23030355
2.418863345,2.195166373,2.179123961,2.185362046
2.298718968,2.28470996,2.206210723,2.200946571
1.89906043,1.710239504,1.622194343,1.635548299
1.851927982,1.955744908,2.133370332,2.142442088
1.936494644,1.909776177,1.987891825,1.991595134
1.813716718,1.783576845,1.830668944,1.838430465
1.904993446,1.903031715,2.000284814,2.020077345
1.768979927,1.72966232,1.755533512,1.757040319
2.316575689,2.168180439,2.22868429,2.224201864
1.973585536,1.924082926,1.99084489,1.974955699
2.064046988,1.885391351,1.826286258,1.822364656
1.931629801,1.926648366,1.935517451,1.932661445
1.645445172,1.575763857,1.534982133,1.526015855
1.731481461,1.630082653,1.609823904,1.611128569
2.101449023,1.909182052,1.892929404,1.888132393
1.837365842,1.70760803,1.678617689,1.678773971
1.732186794,1.617023608,1.602113159,1.595009604
1.708934753,1.651155871,1.603108496,1.599553556
2.156579386,1.973223368,1.874026581,1.8829154
1.919148735,1.743346996,1.630231721,1.648317865
1.891173735,1.724232424,1.602750749,1.628727094
2.2297606,1.990914264,1.933782071,1.955358375
2.077060242,1.893578858,1.762076126,1.770990463
1.984732102,1.897801052,1.907954824,1.904395235
2.163834109,2.019334829,1.938638731,1.940847852
1.749629837,1.655928109,1.604175777,1.6051676
1.949883739,1.823768722,1.712657343,1.728568273
2.046427008,2.011278639,2.055067913,2.059132624
1.847612047,1.750042358,1.77674666,1.790641789
1.680802068,1.634651498,1.685119972,1.686969764
1.537345991,1.508713279,1.552792355,1.553206266
1.749658763,1.659602335,1.700443666,1.709622217
1.938979683,1.762137824,1.838523815,1.840595256
1.808555909,1.613209956,1.626649383,1.630674105
1.980434789,1.756928083,1.713261179,1.725265009
1.81581715,1.689194452,1.680064088,1.680518948
2.087226852,1.849816154,1.850318316,1.850688106
2.04164004,1.758114893,1.751994648,1.752493253
2.028874341,1.737059626,1.684120165,1.684683298
2.002342001,1.706671457,1.643419419,1.646457174
2.033684974,1.778425724,1.704750958,1.734943244
2.134473702,1.781239243,1.728734325,1.73837865
2.013060706,1.78784039,1.725216688,1.732782617
2.108569228,1.90210747,1.863253399,1.871989964
1.969536838,1.795141705,1.744312867,1.74815349
2.034900044,1.832428805,1.819232512,1.819269256
1.979353398,1.823367804,1.803906049,1.803906049
1.981390025,1.741397937,1.711003207,1.71378619
1.571142749,1.35112468,1.313653116,1.32394372
1.883610802,1.647935556,1.578803141,1.57876081
1.823311088,1.581933709,1.529183458,1.529805019
1.716849481,1.458648888,1.419472595,1.433997558
1.813840703,1.608023092,1.536987263,1.541400489
1.875599915,1.765207451,1.739390818,1.742451806
2.050798918,1.824511906,1.848791509,1.853810166
1.722725487,1.68390023,1.669588205,1.67890416
2.086563134,1.813748265,1.82688298,1.829770417
2.013243677,1.813732359,1.834658281,1.836258038
1.852092445,1.683499382,1.635489335,1.640857782
1.886923489,1.717676149,1.69122202,1.696430454
1.957149659,1.766406888,1.697877674,1.699017072
2.070783373,1.797075324,1.751758865,1.754580271
1.978830193,1.821890317,1.8014502,1.809493735
2.017042812,1.853484227,1.842445304,1.848762153
2.038916999,1.853740031,1.844651483,1.874213387
1.97410199,1.741170087,1.758217539,1.758842068
1.961409753,1.886190233,1.966555996,1.977157312
2.057937432,1.90014007,1.870823326,1.873535369
2.161699249,2.049257214,2.066652886,2.110759146
2.539061521,2.399469775,2.635431305,2.682299503
2.587424035,2.488140758,2.715754935,2.748726976
2.010359568,1.771576036,1.814572284,1.841067945
2.424667234,2.258536703,2.393662588,2.405361032
2.153946448,1.898728615,1.904567976,1.925305707
2.17799517,2.02366784,2.032915098,2.046434575
2.061631625,1.88088981,1.957479119,1.970638209
2.238064959,2.019565438,2.016168697,2.027803026
2.248355482,2.029965482,2.014561968,2.020177431
2.187421593,2.311591514,2.415741685,2.605317032
2.103585481,2.076629164,2.237813915,2.439716252
2.277199112,2.167943535,2.362199277,2.580930966
2.022010307,1.993715665,2.132472679,2.326829305
1.892416025,1.934455009,2.028651942,2.149057982
1.615787985,1.845677663,1.996523686,2.182705555
1.498738516,1.597650997,1.675180138,1.815293871
1.727219209,1.902200328,2.117184238,2.386109916
1.63893206,1.705631086,1.858919085,2.035752454
1.553230302,1.770758277,1.893784111,2.09310204
2.094603942,2.078786674,2.139632567,2.512379629
2.161506652,2.168923546,2.376109259,2.661412628
2.242081318,2.217220237,2.323236112,2.515755419
2.251574967,2.312608469,2.533135768,2.795568031
2.222388596,2.344467512,2.681300058,2.951665453
2.135099008,2.19798858,2.391136939,2.807217642
2.212593088,2.216726229,2.496324839,2.691514904
2.175142199,2.224581734,2.416420107,2.517350074
2.089662133,2.158911708,2.409777424,2.565440692
2.22333766,2.213661787,2.264145768,2.782632653
1.481306744,1.640249038,1.747426778,1.90966708
1.703087956,1.714919277,1.735508545,1.742422958
1.474686259,1.455673063,1.476089059,1.51666064
1.384332298,1.371395794,1.441705442,1.518477813
1.54576072,1.531338213,1.605787782,1.652254067
1.714477946,1.764675144,1.829974149,1.885600679
2.079817935,2.183713319,2.333230883,2.580372797
1.788484501,1.972581974,2.126647129,2.332842526
1.697260353,1.738447838,1.751874622,2.16110441
1.826711626,1.938804517,2.124734192,2.349235982
1.860935946,1.95354996,2.099632224,2.222820832
1.925061636,1.91557579,2.025299622,2.113643484
1.640020102,1.691273537,1.851434194,2.027989834
1.656731555,1.811151744,1.964348471,2.130027594
1.721230956,1.879100896,1.968790115,2.090886849
1.825916282,1.79450745,1.87418451,1.841335941
1.855086483,1.880020188,1.927010259,1.896755649
1.944803487,1.831966077,1.876888804,1.895119856
1.655411572,1.534364537,1.575300553,1.56893365
1.877468273,1.871798558,2.019939537,2.080462752
1.615318955,1.543812773,1.629354656,1.66428092
1.6283667,1.775595246,1.96250773,2.139391723
1.668816532,1.68161332,1.765051103,1.854103193
1.662758999,1.676238403,1.74612475,1.811693394
1.410366699,1.393480993,1.440086739,1.485083197
2.015137677,1.933629285,1.955175444,2.743363867
1.726482312,1.770597587,1.782566023,2.148363877
1.818706931,1.864331474,1.946241982,2.026701905
1.760522252,1.839992657,1.994017037,2.362302697
1.982513456,1.87451825,2.001183959,2.044654122
2.2220418,2.072162628,2.059199504,2.046979045
1.786838116,1.776034091,1.886993089,1.93446781
2.316749317,2.216962545,2.399219175,2.523575646
2.207279426,2.168483546,2.482968039,2.680997869
2.004984721,1.93625954,2.023240806,2.09516374
2.32651963,2.323870366,2.702428905,2.852834576
2.326028702,2.286349784,2.813620448,2.94523931
2.350329432,2.258934709,2.589601209,2.698957426
2.254486918,2.24740315,2.595606136,2.762119643
2.304525512,2.298308508,2.807223384,3.062676556
2.226589023,2.246219484,2.508324296,2.713064892
2.11728283,2.134221717,2.454664878,2.734870241
2.155063243,2.175409942,2.495082516,2.788970382
1.832583163,1.86572111,1.95179378,2.039419232
2.04265629,2.005752185,2.299162517,2.520345121
2.51817312,2.607785721,3.094390095,3.212084271
2.424183139,2.483639307,3.299414958,3.622549091
2.511326334,2.55411132,3.101523743,3.304191716
2.364380711,2.467100821,2.974410909,3.220185578
2.496529391,2.590450295,3.122366057,3.307673109
2.766685417,2.699561343,2.880616671,2.895833358
2.76696386,2.706568375,2.967058315,3.00612112
2.281502761,2.101497149,2.001837554,2.006193949
2.914515103,2.904861364,3.183662132,3.279089035
2.687217458,2.503902776,2.487417714,2.495724266
2.143018262,2.341931886,2.964403901,3.364705161
2.093730921,2.224308057,2.93687924,3.148893339
2.144785166,2.314097189,2.979590301,3.155543943
1.997058575,2.082017455,2.738232015,2.895087336
2.167373265,2.324400257,2.773531727,2.861307143
1.947761491,1.973985568,2.072499018,2.355050041
2.162673865,2.366451885,2.589553171,2.712718157
2.016579902,2.028114185,2.231865466,2.444495898
1.972708917,2.074692584,2.342548459,2.569061751
1.947279828,2.04442687,2.182622601,2.606232193
2.44001174,2.320437989,2.458743371,2.463447312
2.262009865,2.278462171,2.232369941,3.109606541
2.385904591,2.496671228,3.119270462,3.176190585
2.408649466,2.369813815,2.476868894,2.49763848
2.467929996,2.378026498,2.519508854,3.50357869
1.901175651,1.966018388,2.452111814,2.911972335
2.074811598,2.121240276,2.650081324,3.140327184
1.972871097,2.051415747,2.580195337,2.978927559
1.982315583,2.090122889,2.562282505,3.00133204
2.059709688,2.105072106,2.510184718,2.767536286
2.013802297,2.026732697,2.151594956,2.281359129
2.473828684,2.341783276,2.35866106,2.370117304
2.265929233,2.205903271,2.256779208,2.315729289
2.258243159,2.280067306,2.330979156,2.495946492
2.050711852,2.072038153,2.100076257,3.026906166
1.816090322,1.977897147,2.45691489,2.628787105
1.893249252,1.988749145,2.449172226,2.609816647
2.010383116,2.132541021,2.270804249,2.288961456
1.772364072,1.88732538,1.859351141,1.82959233
1.840002305,2.051300907,2.296987843,2.302669547
2.439783169,2.215469713,2.288540322,2.355222653
2.320262393,2.096792629,2.198612612,2.178325504
2.046003997,1.852084791,1.86909356,1.860556219
2.256379045,2.065616022,2.236129317,2.236654044
1.949463837,1.809631171,1.803252423,3.777660551
2.174970169,1.879887325,1.871052188,2.442287672
2.215427602,1.942701928,1.876772893,1.825963292
2.133884577,1.823699671,1.707588355,1.663652268
2.460055257,2.458599982,2.488813169,2.490424242
2.19390969,1.960899006,1.970093443,1.958788286
2.119061461,2.134598128,2.366953312,2.720097664
2.168485572,2.091507082,2.248532535,2.36718189
2.15447914,2.008878716,2.150180416,2.360575195
2.341207558,2.18549069,2.3490825,2.575952036
2.036323627,1.884485752,1.986478753,2.100348465
1.46096542,1.422358687,1.418731389,1.443586724
1.61109265,1.54669729,1.669586184,1.777477327
1.707094551,1.704848533,1.858561369,1.962257998
1.483373289,1.451535002,1.555357911,1.580646379
1.554773485,1.574702903,1.691967103,1.815078332
2.304444378,2.226873658,2.457359284,2.663474013
2.021011443,1.977563564,2.098529366,2.195863924
2.088192994,1.989474205,2.220708445,2.31059784
2.247668054,2.157720353,2.353273673,2.417323427
2.108051786,2.06462255,2.295131162,2.423475736
2.057452843,2.116145146,2.328688029,2.620705987
1.680900099,1.705324255,1.85748647,2.075020437
2.193497853,2.012514307,2.13350747,2.220064958
1.791439875,1.693836576,1.842016599,1.951299655
2.169163256,2.088915612,2.345164507,2.688261984
2.307594677,2.225672136,2.474763453,2.568167876
2.713422319,2.649624153,2.957618038,3.047417414
2.414842058,2.62895964,2.855368688,3.374640029
2.611845536,2.686369472,3.040636809,3.23122799
2.324074988,2.444911439,2.555801459,2.95287409
1.941493476,1.838979573,2.009451768,2.070218323
2.253220972,2.177899749,2.397363393,2.589675721
2.24556802,2.103049188,2.280834874,2.335963244
2.080777526,2.002940465,2.173639547,2.188931179
1.978122372,1.892110536,2.007006011,2.875073629
1.956573157,2.043575952,2.167426474,2.131088314
1.871466613,2.03118797,2.403271626,2.498691032
1.870245148,1.917423764,2.081752893,2.126835559
1.937436794,2.082129958,2.358425097,2.407588747
1.950175327,2.032939257,2.139546696,2.09730362
1.772926312,1.822345529,2.101406243,2.10896086
1.615265508,1.680479429,1.924898371,1.932464006
1.643681107,1.708841023,1.915198029,1.924069579
1.766793442,1.803716577,2.054679104,2.092858909
1.797572074,1.953285283,2.057898164,2.433245736
1.599295288,1.670134266,2.049795419,2.14078125
1.805723017,1.882298856,2.222374296,2.271994618
1.63503576,1.66085398,2.061932742,2.159772293
1.7991013,1.755255019,2.187355032,2.285196093
1.815493909,1.90170362,2.228407596,2.339769036
2.684066049,2.784470623,2.993607573,3.883213158
2.787184515,3.006214798,3.27959772,6.43926875
2.732956191,2.720720655,2.771486772,2.792547461
2.617333618,2.474665299,2.482692535,2.47908415
2.600843255,2.627967105,2.82277863,2.817956603
2.112572916,2.502918636,3.208732998,3.211574293
2.289430115,2.671664767,3.110021947,3.099899734
2.111096832,2.511572529,3.209718469,3.282761012
2.343647121,2.596644553,2.86584686,2.886569365
2.079766327,2.396375387,3.090077943,3.134053893
1.763341833,2.030810964,2.338767284,2.401390628
2.129282406,2.468241872,3.065628079,3.352651514
2.050440551,2.244013446,2.400377395,2.422703351
1.970506969,2.209257307,2.50652604,2.56238183
2.020498192,2.286313968,2.583047352,2.817755545
2.0531446,2.346823881,2.807098453,2.83720774
1.919778674,2.155507116,2.70387384,2.706033763
1.865748145,2.121662797,2.571055148,2.589626251
1.941158619,2.19218292,2.745603464,2.75589427
1.914439118,2.147205217,2.616254986,2.605226662
1.954507187,1.890072082,2.236626374,2.342001628
2.099378165,1.987825974,2.171214149,2.245825572
2.103422379,2.005753921,2.305636596,2.388776421
2.084978191,2.113493025,2.500176258,2.637260995
1.873423486,1.804525202,1.920581596,1.949529746
1.762422717,1.93101503,2.332458835,2.422556687
1.754370396,1.936352044,2.343073241,2.442273326
1.7365965,1.939102513,2.359712302,2.454285442
1.796369488,1.951516585,2.325356023,2.405755617
1.677834652,1.764530654,2.164160929,2.279499535
1.961371816,2.215979787,2.534401157,2.555952358
1.927225489,2.181142325,2.520774093,2.5228056
1.988333473,2.202517223,2.591668,2.633194913
1.848796651,2.07113145,2.452859735,2.525928142
1.951560333,2.21661894,2.554860735,2.54012256
1.945153889,2.286760081,2.709525729,2.687526172
1.873092298,2.137139694,2.498904711,2.511923966
1.885377632,2.124006436,2.481805062,2.491892558
1.983513817,2.304060262,2.572826413,2.609526079
1.964769069,2.289315778,2.629322083,2.640499301
1.946318426,1.761444836,1.721133707,1.731362337
2.018562757,1.930869842,1.941327884,1.942682429
1.995040958,1.781618688,1.705952883,1.708859964
1.927203156,1.794274609,1.854150362,1.83530777
1.944130108,1.865630482,1.989887475,1.985577878
1.88659471,1.920521697,2.128233361,2.111229371
1.776205823,1.808123181,2.00357885,1.987670517
2.094378202,2.137443768,2.332580873,2.34513364
2.124357172,1.949716646,1.961164124,1.950909705
1.92034683,1.719863781,1.810377667,1.810034252
2.277157782,1.903994116,1.812566762,1.866406528
2.10459964,1.84878141,1.818012042,1.828960959
2.392607689,2.107035685,2.121739916,2.126482893
2.060069779,1.785725224,1.727313066,1.733407715
2.248607037,1.887567906,1.851218143,1.892800186
2.189955431,2.096902959,2.124982128,2.112239914
2.234211826,2.026745517,2.011473202,2.002570985
1.966339691,1.812297633,1.812648286,1.79609971
1.976567589,1.796224595,1.726890024,1.717877447
1.889058124,1.786401134,1.846574773,1.831636393
1.867640194,1.645686089,1.579670061,1.574986252
2.15265588,1.963777026,1.974448715,1.973770334
1.620462041,1.46743429,1.4180223,1.408569965
1.736518326,1.454131509,1.367501877,1.360795333
2.164343167,1.894550345,1.816979702,1.842387471
1.70415324,1.572611651,1.561450456,1.545705743
2.037694656,1.902770884,2.014243011,2.011389515
1.758725543,1.749656811,1.878649514,1.883603516
1.87561674,1.770668617,1.795520127,1.781888038
1.990894017,1.964356886,2.066035137,2.041083666
1.841096648,1.778093427,1.906763022,1.90388849
1.95341428,1.710930466,1.738514692,1.727049589
1.735883709,1.687852706,1.728942986,1.722603996
2.05844589,1.811923521,1.855760854,1.875961791
2.011839025,1.855273245,1.914338101,1.934083929
1.706671676,1.638258655,1.853905051,1.847156302
1.57269843,1.502863196,1.597214097,1.584112169
1.775259042,1.718760005,1.754766662,1.745229483
1.522700718,1.439194572,1.521689473,1.510424288
1.737841444,1.721350164,1.786247651,1.767430576
2.276629426,2.18216378,2.230079076,2.228654216
2.204838621,2.081266115,2.096547255,2.10035727
1.899300771,1.741800124,1.740762974,1.748009568
2.423010012,2.260013918,2.306547012,2.292744892
1.953965486,1.793162948,1.756592644,1.770928183
2.318245628,2.217947807,2.206340167,2.226459685
2.070697056,1.973233845,1.897073935,1.889528493
1.911091299,1.813111133,1.815560305,1.809502873
2.263651965,2.117317306,2.241794328,2.226769023
2.177715878,2.101310611,2.129472,2.133399882
1.859049406,1.842870292,1.845076913,1.864840475
1.949716317,1.788415313,1.71252135,1.746543577
2.064260238,1.964690587,2.019808864,2.056040178
1.989880239,1.952961339,2.033677608,2.069022751
1.860897629,1.826721042,1.823797601,1.841468059
1.86790488,1.665303989,1.592578837,1.59399055
1.856010537,1.638844799,1.530767442,1.532591727
1.949442723,1.80768734,1.701925331,1.703462572
1.928524305,1.763044729,1.655701424,1.65762705
1.940176543,1.720393787,1.607375009,1.613413443
1.969682561,1.824506275,1.851476386,1.853262087
2.074318315,1.974985933,2.0592249,2.059315327
1.845252703,1.861503838,1.977419464,1.984619169
1.71568931,1.691362157,1.829170976,1.836148828
1.548838318,1.595562344,1.601629622,1.604696519
1.72994156,1.521116126,1.49646665,1.497400277
1.617752534,1.396006483,1.353413336,1.353552569
1.701257812,1.501652754,1.48127803,1.484879828
1.528471224,1.346389792,1.29045951,1.290734986
1.727765655,1.503448227,1.524764571,1.525871096
2.012278787,1.896148008,1.922272041,1.922450392
1.949828005,1.94260276,2.015265923,2.018076541
2.054961061,1.895524179,1.852218455,1.884545349
1.6540849,1.759236811,1.905246629,1.932032669
1.725545713,1.727830408,1.73715654,1.762129605
1.536400666,1.638432726,1.708253297,1.725752364
1.661055446,1.76933317,1.844640243,1.855382132
1.718589617,1.683089667,1.819998123,1.826742061
1.839502872,1.901524596,2.056167654,2.071423963
1.607239777,1.597490151,1.714826754,1.733549709
1.735477003,1.556022151,1.475916789,1.475911173
1.799766073,1.588588085,1.482961849,1.483904012
1.847230589,1.539155739,1.447752059,1.447912211
1.645354847,1.446335183,1.371814031,1.371891576
1.82022394,1.569946945,1.50219182,1.510030802
1.703610862,1.624781982,1.606580459,1.620080146
1.65047377,1.59133587,1.660282217,1.668723391
1.855910077,1.730970489,1.817020321,1.820051768
1.715578833,1.596532004,1.640459345,1.643910179
1.779700714,1.692352187,1.759356081,1.766960244
1.745576474,1.519673833,1.459007656,1.459644536
1.805293322,1.588438526,1.561223379,1.561441598
1.672841226,1.476358761,1.408757274,1.410136694
1.769949889,1.538599538,1.478086668,1.478230255
1.772563872,1.526971325,1.437802977,1.43982029
2.186262348,1.965395749,1.910297462,1.911957834
2.218660976,1.976452855,1.878047004,1.879434147
2.213869553,1.97785015,1.903925141,1.908625063
2.082859875,1.856593499,1.760106947,1.762104938
2.185045578,1.94058868,1.830863398,1.834377833
1.811225471,1.967623888,2.203993464,2.239836546
1.90783135,1.859641551,1.968606394,1.99186563
1.933317088,2.016300989,2.343698132,2.366119531
1.589480887,1.49803055,1.544276983,1.569179904
1.739801065,1.784174906,1.86024759,1.906247139
1.767234746,1.718829114,1.795998528,1.814252869
1.811143856,1.599638664,1.595667467,1.60641547
1.603224307,1.481625889,1.492041614,1.49850282
2.149928427,1.869438426,1.85203716,1.875058141
2.044501723,1.825862058,1.842797751,1.867306838
2.226679613,1.986770529,2.010991002,2.058930223
2.110403556,1.914342062,1.99078845,2.029889809
2.491893755,2.172272799,2.241173443,2.279564163
2.372164049,2.177842957,2.305441806,2.366480386
2.38131679,2.104480699,2.156829626,2.201898311
2.171837902,2.046504831,2.147665002,2.160332603
2.096402987,2.002167626,2.183536051,2.195734614
2.327093066,2.212770359,2.432717245,2.438698275
2.145631245,1.935129399,1.977157118,1.998830618
2.102308012,1.796527133,1.800929401,1.821322531
1.613888703,1.661589479,1.876172177,1.892571864
1.644268058,1.645011077,1.763491209,1.782568
1.747040701,1.75410931,1.913420821,1.933165981
1.645052621,1.636942885,1.691891206,1.7119744
1.540050075,1.50912871,1.547146741,1.5647182
2.304127932,2.21017462,2.31580322,2.338893412
2.389357767,2.260042746,2.422091249,2.440590073
1.932885551,1.773895976,1.779706445,1.844307317
2.075620767,1.920141438,2.055461354,2.085710803
2.346493572,2.218749082,2.410961753,2.448163472
1.688551558,1.761699801,1.86755603,1.904871487
1.747385287,1.825093589,2.109789239,2.150718483
1.703688776,1.775362167,2.013495756,2.036504109
1.821152083,1.833452191,2.074251949,2.092773688
1.834783981,1.896968168,2.238497652,2.263738399
1.575659733,1.470570974,1.589243205,1.598101566
1.794063669,1.689732766,1.724420297,1.740049026
1.943049003,1.730548595,1.790129397,1.801646036
1.674226859,1.554232093,1.621031588,1.643837535
1.698611797,1.572699025,1.664341205,1.683942577
2.104990446,1.929913514,2.001552104,2.032970463
1.872034978,1.758669867,1.767924105,1.794182879
1.818774107,1.750813747,1.76776332,1.784859351
2.151858208,1.885357524,1.91648256,1.941261445
1.991440435,1.833796931,1.917647836,1.944866471
1.651617753,1.55982064,1.686001773,1.701816424
1.649471865,1.613351279,1.750666811,1.758937942
1.630551058,1.630740079,1.804228382,1.805723643
1.753049312,1.74599661,1.777519128,1.800153417
1.88080091,1.796126609,1.984991563,2.005916099
2.192752495,2.063880713,1.971389982,1.98809784
2.022259404,1.923029131,1.854345861,1.861778742
2.018082616,1.957370246,1.953248913,1.957248852
1.929684981,1.727009345,1.677810421,1.67939196
2.253783546,2.203661534,2.164404119,2.167056395
2.387452475,2.282647524,2.211933887,2.222084368
2.38863743,2.165332719,2.086425063,2.12042216
1.924948481,1.757834534,1.721579483,1.7242431
2.64811378,2.48402196,2.425771662,2.436188156
2.35480703,2.2539003,2.199601965,2.201033484
1.839924444,2.035645383,2.137905116,2.147148001
2.23663984,2.32235801,2.504314244,2.504477042
1.977636789,1.999869139,1.998993895,2.000646093
1.877223602,2.084045872,2.165294727,2.167191712
1.811492571,1.869497106,1.926162574,1.927228654
1.93598987,1.955403371,1.914382864,1.918723957
1.811646942,1.885481475,1.897242286,1.900169775
1.892645899,1.943869892,1.918603291,1.91885242
1.845573955,1.866820458,1.859408275,1.859466411
1.892044546,1.916357938,1.899235139,1.899447027
1.84154029,1.815579834,1.799509094,1.799919429
2.086314,2.129371198,2.145592602,2.146257405
1.953012408,1.957467265,1.923060366,1.926931066
1.811046616,1.854679592,1.827511872,1.828923004
2.118147346,2.081495097,2.085740616,2.086712125
2.26196104,2.088544743,1.993746227,2.00438964
2.139650757,1.977699985,1.910201218,1.914554201
2.195860813,2.205478671,2.185970237,2.194793853
2.267303815,2.196055481,2.176888814,2.178328402
2.181196731,2.136439982,2.089949466,2.090909054
1.447309929,1.559574483,1.65404021,1.653918605
1.507037439,1.725158471,1.863446712,1.881268006
1.911537809,1.995369409,2.13036798,2.13036798
1.923355311,2.125158241,2.213973033,2.227649524
1.80268113,1.906481048,2.030214198,2.036989707
1.746452492,1.787802546,1.816459149,1.817308157
1.657813364,1.705746116,1.798231971,1.798250633
1.885210681,1.893381879,1.936259271,1.941017677
1.934160717,1.956258922,2.052828902,2.082772832
1.963937467,2.011197533,2.129338717,2.138070571
2.265470315,2.261473527,2.164481463,2.171348344
2.556609825,2.511243039,2.449388584,2.478801491
2.53065209,2.465515789,2.434153113,2.449016821
2.37724486,2.303796929,2.232016242,2.259168716
2.475000997,2.472144264,2.420720714,2.443752844
1.686218307,1.83484557,1.880195707,1.882182089
1.869593351,2.075665088,2.048379231,2.055755969
1.868206901,2.037233726,2.140617189,2.150264868
1.876124249,2.137473553,2.373538987,2.382788004
1.716842047,1.710542736,1.699353584,1.699353584
1.875604357,1.759267753,1.853456747,1.937070337
1.870315934,1.777916424,1.848493104,1.963159478
1.712622931,1.732456626,1.773444949,2.017039191
1.879752193,1.875875541,2.079035469,2.331577932
1.655673518,1.682516349,1.816275128,2.090000618
2.36200387,2.279559088,2.365031463,2.985043079
1.997173235,1.930885089,2.031706644,2.047707624
2.371559982,2.398919909,2.651373667,3.494003417
2.271940624,2.222607286,2.39428828,2.512039582
2.156656425,2.163590163,2.396701811,2.473969761
1.845396895,1.717834693,1.797882756,1.791069761
1.951468424,1.755340376,1.815318083,1.790398638
1.915490173,1.842220345,1.953472119,1.938943379
1.879170354,1.791849509,1.954325056,2.044215219
1.809065213,1.714189028,1.817090073,1.871563593
2.35235605,2.289324405,2.386719855,3.160797921
2.889544557,2.744853035,3.101530238,3.10389718
2.637927783,2.508367232,2.71436853,2.677336532
2.731364608,2.688728364,3.007140278,3.055658657
2.455991464,2.389825318,2.68363186,2.848973832
2.401916176,2.318880172,2.574512024,2.560798972
2.157259282,2.08410847,2.173641237,2.099105231
2.181250438,2.136495033,2.288939056,2.313124152
2.140897635,2.030118925,2.150074061,2.084398831
2.173524183,2.090868234,2.259077262,2.22861929
2.086411734,2.053919771,2.222585267,2.308638795
2.008253591,1.941064895,2.105276581,2.276979581
2.096233103,2.187503861,2.402164826,2.610474928
2.218121648,2.223750873,2.373502772,2.836406011
2.039325915,2.067876215,2.322333958,2.59049701
2.225015246,2.157323128,2.317685068,2.322067601
2.251837879,2.165707948,2.287982572,2.345722255
2.040739383,1.889425895,1.851666489,2.481837672
2.21912401,2.136929256,2.287283758,2.35159668
2.290975481,2.207778432,2.2898309,4.284717512
1.939473832,1.838987699,1.974894895,2.049882662
1.994206739,2.022137193,2.233489882,2.382476725
2.037062208,2.01916412,2.158883246,2.296143503
1.971591827,1.916286701,2.090491316,2.246180745
2.097041484,2.030013013,2.181157096,2.24707607
2.103370676,2.074941119,2.187191288,2.296818617
2.038164004,1.918976813,2.033245469,2.115835803
1.80820673,1.670310523,1.674764635,3.290914815
2.107862276,2.030911838,2.171775371,2.147521996
1.930598486,1.852127148,1.939324858,1.965977443
1.953845896,1.809214544,1.807865381,1.856733979
2.349149549,2.241599982,2.311343457,3.203165333
1.693441253,1.631571324,1.579596044,2.022038513
2.127277309,1.972439709,2.018530715,1.971616005
2.083887472,1.976417523,2.095655066,2.12166831
2.018689135,1.985653392,2.409451292,2.414522648
2.089626171,2.016798575,2.477283405,2.537331005
2.048134723,1.982497485,2.216997566,2.141860174
2.081225539,2.008362702,2.418698238,2.475380608
1.95403919,1.888600038,2.364799549,2.35955299
2.276954501,2.394678192,2.91259169,2.911390224
2.067426873,2.190856311,2.781293077,2.864126552
2.25596541,2.353762053,2.926095106,3.023970001
2.220163693,2.36963134,2.89750925,2.904837514
2.267654952,2.378809913,2.996883652,3.072157529
1.828934609,1.927862052,2.423807464,2.600257644
1.940663421,2.125222395,2.680698883,2.925279795
2.050735407,2.072669826,2.423990867,2.524130819
1.899165102,1.956246887,2.48749033,2.825076148
1.914707062,2.010791784,2.515882447,2.834779371
1.854754105,1.853857769,2.228791603,2.24167247
1.84294308,1.762115499,2.106589725,2.163441074
1.937190207,1.839835621,2.217968535,2.251169449
1.786470202,1.781608987,2.175998853,2.16179844
1.874321789,1.893644212,2.347991465,2.349731885
2.6471708,2.615229012,3.28390282,5.534637742
2.438956003,2.369150851,2.652964949,3.673946682
2.642914188,2.621943104,3.364653971,3.501150166
2.70470692,2.724127412,3.454246805,3.577963564
2.851806412,2.793005163,3.589895826,3.668053104
2.331355976,2.289094944,2.72861078,3.043691462
2.355268029,2.349431321,2.88698153,3.055497067
2.315884871,2.280677781,2.758766723,2.887939372
1.757182705,1.764279559,2.084512065,2.041191104
1.946181251,1.972488485,2.376635251,2.472854015
2.712199641,2.657359092,3.334317597,3.292457608
2.592392114,2.638873262,3.322289178,3.541608596
2.608205605,2.684538649,3.059487247,3.691776473
2.02629605,2.195980599,2.580686683,3.513107909
2.477015215,2.462933208,2.957235674,3.026819571
2.235706255,2.245745582,2.568774201,2.820890919
2.415275596,2.524603585,3.127359365,3.298515187
2.119075888,2.21529056,2.662739385,3.014904971
1.946294769,2.069028959,2.579818255,2.701428483
2.051329441,2.13724108,2.507026196,3.715322376
1.793814186,1.846941738,2.315297299,2.299231427
1.992951486,2.072893308,2.513298714,2.492192935
1.863603656,1.875044737,2.313060814,2.298376366
1.935693573,1.970613516,2.433893351,2.379891606
1.743683772,1.797821061,2.220849853,2.222139771
1.818040957,1.977490701,2.386596023,2.631688523
2.008823532,2.249284481,2.759661305,2.930753408
2.105315931,2.197105172,2.516828461,2.780065092
1.762695098,1.964368787,2.432606251,2.794721906
1.79570141,1.7758056,2.127080447,2.281182769
2.154450669,2.427992772,2.868165968,3.559773055
2.367304819,2.425354265,2.809787707,3.22448078
2.005515781,2.077603825,2.380227823,2.730599574
1.755498605,1.855302888,2.085873628,2.225707372
2.319276103,2.476480839,2.936468276,3.64740207
2.135773236,2.160158294,2.301500828,4.526392204
2.24271713,2.371828331,2.513811864,4.783542155
2.578994201,2.573296154,2.919777021,2.994124902
2.757467232,2.792368235,3.195696097,3.204955301
2.669960928,2.73408791,3.198722526,3.171408048
2.065396037,2.082907115,2.351669077,2.317902547
1.98485287,2.085793478,2.347677359,2.544584564
2.0385518,2.118585492,2.473089728,2.63786367
1.909708881,2.177195615,2.450938271,2.624121015
2.028312954,2.06287972,2.282230432,2.353557202
2.0567505,2.122824885,2.139136324,3.878305229
1.969012464,1.996572859,2.210107916,2.17517373
2.198695458,2.310682006,2.484339841,2.439202367
1.887643441,1.87101902,1.862632802,4.435633012
1.986219429,1.970807263,2.163375747,3.919991014
2.036377223,2.049533902,2.297162581,2.292362581
1.847983241,1.899454814,2.051438552,2.011654938
2.069972997,2.190236632,2.45352512,2.817340802
1.964086365,1.979100046,2.195093534,2.313450891
1.87836904,1.817085729,1.841080574,1.835743335
1.97593646,2.061411746,2.121369363,2.896668752
2.026668778,2.109668439,2.451096248,2.767434787
1.984019684,2.01235241,2.216804845,2.266650243
2.105965914,2.23665147,2.534357278,2.614628642
2.058143347,2.192583402,2.499847721,2.701727284
2.142421438,2.209720848,2.592887473,2.750749763
1.906714788,1.945551267,2.230885202,2.393636139
2.002439573,2.102209911,2.32073062,2.468656875
1.777777682,1.944890375,2.281155797,2.296947566
1.808723477,1.859293389,2.043500455,2.053618877
2.34811865,2.355224,2.822566513,2.955539871
2.517686959,2.555325049,2.927017648,4.779669912
2.202202013,2.30269956,2.729744474,2.663128627
2.416003904,2.497907177,2.868633373,3.067221913
2.287212852,2.386285937,2.642751812,2.723755975
1.780478609,1.826447462,1.972263658,2.01652009
1.962985362,2.077482841,2.328091312,2.645877167
1.883171486,1.931391245,2.231784249,2.534260346
1.828984033,1.927646358,2.142884807,2.45442821
1.80371597,1.870241039,1.993812568,2.0533586
1.987318324,1.967627874,1.96027629,2.019763115
1.887547733,1.881430376,2.03723656,2.10720517
1.767921499,1.80430366,1.949974941,2.62194459
1.919776215,2.024088042,2.160236804,2.508760847
1.954231486,2.045814984,2.240770633,2.336180516
2.823525918,2.61532841,3.195937304,3.200842341
2.568897426,2.407576614,3.093602104,3.137947521
2.316902951,2.236863216,2.516870906,4.758510908
2.525136225,2.497449159,3.285682056,3.332148416
2.538366806,2.411474043,3.007679616,2.994287887
2.579191134,2.454782704,2.995766225,3.057695099
2.739758235,2.575002919,3.273813388,3.418252952
2.415867549,2.418164796,3.118183514,4.613419928
2.729479622,2.559101508,2.909157958,2.974712051
2.968822688,2.829917252,3.837641548,4.003018867
2.493938613,2.531665659,3.477837651,3.781172177
2.52334379,2.568317415,3.437570951,3.677898531
2.49578245,2.4976913,3.148248132,3.437063287
2.869651264,2.681456754,3.410812431,4.062885465
2.540060178,2.572971669,3.483797135,3.824941968
2.561629214,2.444052996,2.881647176,2.852264317
2.544828373,2.362243396,2.439709961,2.415144823
2.925492524,2.825295463,3.538829978,3.51096212
2.748521279,2.63048823,3.227417375,3.227366261
2.740562371,2.572824722,3.024230019,3.021265863
2.301632102,2.144733573,2.979115722,2.976847217
2.703079657,2.532686186,3.10714138,3.20681329
2.506834098,2.272450938,2.815129267,2.854162752
2.617262417,2.350089562,2.77989338,4.323552349
2.383350764,2.204402082,2.570450434,2.569931197
3.001606299,2.659746771,3.314641391,3.309567465
2.522450867,2.402628132,2.792495233,2.776677523
2.460767133,2.466622981,3.143666444,3.185446472
2.757377522,2.616736538,3.280531149,3.318882382
2.732341047,2.633552303,3.501537655,3.595533206
2.484022751,2.359201116,2.981580595,3.045053104
2.78705032,2.537884796,3.085393363,3.214080139
2.947558634,2.738349369,3.236704079,3.277527006
2.818381638,2.646994221,3.275472287,3.356278317
2.929182408,2.780693157,3.568189252,3.629524902
3.300571834,3.150255596,4.009330935,4.18114138
3.286238001,2.962941938,3.795699581,3.87552747
2.917133956,2.664169792,2.76868196,4.797270804
3.210355911,2.843759728,3.769278812,3.851272678
3.185284,3.00483902,3.861755976,3.967020195
2.56184925,2.621496073,3.165893776,3.192160928
2.703104957,2.62582828,2.855367216,2.824690305
3.043696207,2.797320842,3.482130252,3.471611811
3.072360316,2.90000789,4.044354038,4.346552087
3.210751996,2.960705561,3.996993986,4.149230199
2.094769319,2.019532446,2.166082902,4.130800696
2.052474251,1.902142483,2.064988985,2.872013563
2.349196237,2.082609014,2.697561279,2.778858772
2.430713763,2.237665499,2.915851823,2.966668657
2.374520799,2.076152122,2.539299712,2.568877018
1.910089001,1.871602622,1.931583167,1.964536446
2.127566902,1.963310019,2.022199452,2.089055431
1.936070492,1.965122145,2.080152362,2.152425489
2.044468134,1.944804126,2.014267934,2.063729547
2.067143556,1.835598237,1.920968093,1.968006672
1.838595647,1.570337398,1.629418749,1.66377753
1.855811994,1.60773225,1.675383542,1.700171803
2.210580952,1.931403313,1.962882235,1.995238567
1.769427576,1.784297344,1.884542932,1.937719623
2.076452233,1.954257749,2.031118642,2.07197334
1.941927703,1.70995327,1.685776745,1.704936929
1.938920239,1.795904019,1.80713167,1.835993749
2.025031608,1.744813577,1.714972732,1.746689687
1.85183444,1.800816576,1.891671855,1.915552952
1.902933614,1.824769613,1.917089478,1.963867204
2.481078923,2.293193478,2.364687907,2.355934341
2.328355724,2.227570686,2.344119056,2.440139768
2.141428649,2.061958949,2.150221299,2.164246506
2.098410054,1.919633747,1.943366512,1.943404782
2.196929005,2.007970437,1.985186239,1.99522576
1.979683527,1.736912916,1.704814878,1.720236943
2.019289487,1.887390219,1.842464645,1.880810834
2.104928768,1.986945322,1.804779179,1.800976917
1.569636773,1.412224832,1.301096151,1.295751522
2.015043136,1.942046761,1.904534,1.923222274
1.905681912,1.705987402,1.742306041,1.734621145
1.805815031,1.554211225,1.530288444,1.530197739
1.81954793,1.765023255,1.871422482,1.940578792
1.925926433,1.590250284,1.563847885,1.570571853
1.607541387,1.457390587,1.441855135,1.438971284
2.24132162,2.129606855,2.325244544,2.391430673
1.791986455,1.793252343,1.90333268,1.960421472
1.977212141,1.95835639,2.154923108,2.197428046
1.876582142,1.760862166,1.882117916,1.933466959
1.919215668,1.978824532,2.025751915,2.062974647
1.66440366,1.528159382,1.526812674,1.513750957
1.919185369,1.798695698,1.698968163,1.712399039
2.31252152,1.774164398,1.616273905,1.620770914
1.845251028,1.778880611,1.826070712,1.844627379
2.357112731,2.119504892,2.037223748,2.035226995
2.274837643,2.010286062,2.12163702,2.218628137
1.959859313,1.837613841,1.926900177,1.985379308
1.871158168,1.750232461,1.875315338,1.932324606
2.143591408,1.99564251,2.036838836,2.111741032
2.054096462,1.771481439,1.734609165,1.759438386
2.023880345,1.934555158,2.020268758,2.076471278
1.925728767,1.685779321,1.583103979,1.58303345
1.894435254,1.678917448,1.58450277,1.588972679
2.199371412,1.753219599,1.678460632,1.698739168
2.217943518,1.887641481,1.796555802,1.820788524
1.940108306,1.790996519,1.741231504,1.719770522
1.85772698,1.693422368,1.631279795,1.600146768
2.02700223,1.891407059,1.847872062,1.82147873
1.846031179,1.678080817,1.601256858,1.575049148
1.918424089,1.721935911,1.683918553,1.651702046
1.986379693,1.724457803,1.583693159,1.556616745
1.897637677,1.721642517,1.693511847,1.686654177
2.098163879,1.807554589,1.634251818,1.603352751
2.034395215,1.885969074,1.720894911,1.695429654
1.992906954,1.906889566,1.817030291,1.798894644
2.213800864,2.010480349,1.840602322,1.811248821
2.285622486,2.089262778,1.931182146,1.902799138
2.124708031,2.020896088,1.892341925,1.862392333
2.076394535,1.951198074,1.85745449,1.836811385
2.13494217,1.991156268,1.876297988,1.848064489
2.235941508,2.000943083,1.932786981,1.950773857
2.275602023,2.192238474,2.086102504,2.053745386
2.13255612,2.014711922,2.125161152,2.144476483
2.155738613,2.055638499,1.980901854,1.961693014
2.108612165,2.091454133,2.199695375,2.204505614
1.788619053,1.697407914,1.645028276,1.661519344
2.138634418,2.086695095,2.116829607,2.096265269
1.916946823,1.875908521,1.805264114,1.79747832
1.955819915,1.809230882,1.789023898,1.787098133
2.403170753,2.285141113,2.16928816,2.156530281
1.596116305,1.318752521,1.261701687,1.239324334
1.507910207,1.285994652,1.211026487,1.188353054
1.551681176,1.344737193,1.25447637,1.229365849
1.431211439,1.237477096,1.163727121,1.140635402
1.439221781,1.25262215,1.167646975,1.144920689
2.128424989,1.942172347,1.900246831,1.884476651
2.200221841,1.957805354,1.864053661,1.829098235
2.043044964,1.91257766,1.792360761,1.763430376
1.947361478,1.788862397,1.673307919,1.654455422
1.969442685,1.81349547,1.714457482,1.690800782
1.997369419,1.795184995,1.734595109,1.732022965
1.83855334,1.820128621,1.874978847,1.879546067
1.890191986,1.661712948,1.591591282,1.595709879
2.017692025,1.784223383,1.753692131,1.743207701
1.723915395,1.538769698,1.431422633,1.41888469
1.540590253,1.322562254,1.238397784,1.213664316
1.646323927,1.415261188,1.295047089,1.276280254
1.514351433,1.323725864,1.225115486,1.202765164
1.490833884,1.285849623,1.20618794,1.183538349
1.541624626,1.333889817,1.226031882,1.203968343
1.908684878,1.853826054,1.825905345,1.821306653
2.147352167,1.988725784,1.881099358,1.849880072
1.830635525,1.857428621,1.83848575,1.819047861
2.000258127,1.827481553,1.701007115,1.672577903
1.933542428,1.946008549,1.887381756,1.871794046
2.012693531,1.909301333,1.89485145,1.878337415
1.697802998,1.741050354,1.747768033,1.766222109
1.807849902,1.811646413,1.852274319,1.862803146
1.827998103,1.730521169,1.736340928,1.724826664
1.855463593,1.714529412,1.703652028,1.707649294
2.065841545,1.746858524,1.626383108,1.650729736
2.186783875,1.871509701,1.805337796,1.795945401
1.815153609,1.628417991,1.501550711,1.521608985
2.3589685,2.166403074,2.156903574,2.166033044
2.123886639,2.007260591,1.965034986,1.989936736
1.730446147,1.773024842,1.818018451,1.841610275
1.85630918,1.68966944,1.647876758,1.65242456
1.890344232,1.785069265,1.802883666,1.816090962
1.665643028,1.57560718,1.534558119,1.526522212
2.086452585,1.948075086,1.926136277,1.961941604
1.968668897,1.893920127,1.926650462,1.963623109
2.039694898,2.073014828,2.247270904,2.332803392
1.941361389,1.761228147,1.792498807,1.810436692
1.888908126,1.888458163,2.060049597,2.082211716
1.960065844,1.980383239,1.983310178,2.016811535
1.716733919,1.608212871,1.542772435,1.546595252
1.837318291,1.743997579,1.756654781,1.74694724
1.912810718,1.780645832,1.784099284,1.77235873
1.847352428,1.745949852,1.764790636,1.762580395
1.714003946,1.597033167,1.590192173,1.579431309
1.901932045,1.7671972,1.74739091,1.75333094
2.084218961,2.075222355,2.106452548,2.151268923
1.756992913,1.625115141,1.668648036,1.674248156
2.013527277,2.051773202,2.164528622,2.215231102
1.715266928,1.747710054,1.729942702,1.748813689
1.990214076,1.717668796,1.636632575,1.633528057
2.013596966,1.732456182,1.611939383,1.619689844
2.028398127,1.639059711,1.516181178,1.527654746
2.117689554,1.840254946,1.731252826,1.740930107
2.079854063,1.840372517,1.758081731,1.785537149
1.655369345,1.643092936,1.604591371,1.613805561
1.745071843,1.677524076,1.686422536,1.696952811
1.814661539,1.666202979,1.653519983,1.646546694
1.716135565,1.675208324,1.688201423,1.672720889
1.913458951,1.779656401,1.723092955,1.718789989
2.073585542,1.841127585,1.739203264,1.798432033
2.531652412,2.334738793,2.241585818,2.246888485
1.855561545,1.724865755,1.686819031,1.702792353
2.129015276,2.178247849,2.282116159,2.312606951
2.404459143,2.166416124,2.184798032,2.213809631
1.695119188,1.789463458,1.815942226,1.833862384
1.909110688,1.986927098,2.193725459,2.271235623
1.548916499,1.613570774,1.648618415,1.651930888
1.568775037,1.616107849,1.659635407,1.66844721
1.955458768,1.875140393,2.043966832,2.091965195
1.445286993,1.366400384,1.273327949,1.246955489
1.412317238,1.293568209,1.207309019,1.187802947
1.346008494,1.238215214,1.180476991,1.153849715
1.472050957,1.372572807,1.316085241,1.293954293
1.522612572,1.39540232,1.355099949,1.328067885
1.638044095,1.691401837,1.761779926,1.799716979
1.772046388,1.783657412,1.773336559,1.754167861
1.75089915,1.750854986,1.782073381,1.76278715
1.834168848,1.798445531,1.766542201,1.745399506
1.731463283,1.783614424,1.795723667,1.778182506
1.830884214,1.717214957,1.767977952,1.756875805
1.901252797,1.854294242,1.873503799,1.872332753
1.917854615,1.796140211,1.763953415,1.760384392
2.149752829,2.056064436,2.002152447,1.980573333
1.663866435,1.636284043,1.610046769,1.619898387
1.623084505,1.672427723,1.796212505,1.780836434
1.668986825,1.720764942,1.809765863,1.802865674
1.671178769,1.692614475,1.792334494,1.764853752
1.751077331,1.784965844,1.915331044,1.906291167
1.488562404,1.600002807,1.758930807,1.768425415
0.983282783,0.914405446,0.873003436,0.854201145
1.17165518,1.110908435,1.081558043,1.059133922
1.125255952,1.072644451,1.035066524,1.011728528
1.08311944,0.994015562,0.97458211,0.952609155
1.124835495,1.085857184,1.033195295,1.012783744
1.605319819,1.556416079,1.488666278,1.468744101
1.625778279,1.576598236,1.507343637,1.491989969
1.500708565,1.451368181,1.395282166,1.379560591
1.718208667,1.649119106,1.58974214,1.561505613
1.683874306,1.571486751,1.509428381,1.481076789
1.499478227,1.364231791,1.289547586,1.267279514
1.512583005,1.438987436,1.360489866,1.336438979
1.518356606,1.413608034,1.342548732,1.318598024
1.694193516,1.56751794,1.500868423,1.472780267
1.534972259,1.456915325,1.371182193,1.348670989
1.697516042,1.619216307,1.719094699,1.714893268
1.514792716,1.490075841,1.557416555,1.536894572
1.470136081,1.470360051,1.584917179,1.561241384
1.525938893,1.580359618,1.651759958,1.624680519
1.807741093,1.751423667,1.812805706,1.785913514
1.309133291,1.233951319,1.202098258,1.182823094
1.340381211,1.254027342,1.220271284,1.1933067
1.334645396,1.248237946,1.226925431,1.20103717
1.234694643,1.137866324,1.106538848,1.084571135
1.345312483,1.280655723,1.238399704,1.212370141
1.467014264,1.474742857,1.472745515,1.449280656
1.467172367,1.445954713,1.437125724,1.413863247
1.484863276,1.454788988,1.443250125,1.42592448
1.576115445,1.537717643,1.522686164,1.489939248
1.540154365,1.521789911,1.491640809,1.477895852
2.133096606,1.947236286,2.05576531,2.117621277
1.692232841,1.683496413,1.808598844,1.872981278
1.87893337,1.821245321,1.918173575,1.968072507
1.774214906,1.601747573,1.68057504,1.6835072
1.571535258,1.559780879,1.65120596,1.668529392
2.14546293,2.132983366,2.179642826,2.120085153
1.880392692,1.752711509,1.672959905,1.675135987
2.321841589,2.306538522,2.41498142,2.472100716
2.178664637,2.177791233,2.378209517,2.463391717
2.218447069,2.227822093,2.316381257,2.372583316
1.914286561,1.73523897,1.682183956,1.592754855
2.074079074,2.070005386,2.181581392,2.133272295
2.028782957,1.921347921,1.958434222,1.974721259
1.945002788,2.011612306,2.185855669,2.19033506
2.005837982,1.972075322,2.216834817,2.238097017
1.906904985,1.7653772,1.864665436,1.928653113
2.103707129,2.215869979,2.343874952,2.661442054
1.950353058,2.185536212,2.307761354,2.507085709
2.131671361,2.12652619,2.252388433,2.446079366
2.107665607,2.118326016,2.1921392,2.230324646
1.446375769,1.495886942,1.662276587,1.701258773
1.583760308,1.53193215,1.720694734,1.721629376
1.55625988,1.598505032,1.741496773,1.719112407
1.403330358,1.393642691,1.561659181,1.560607108
1.531781396,1.538781711,1.702191754,1.751392567
2.074257017,2.055974436,2.110198419,2.08508912
2.137025341,1.925179124,1.914980352,1.84791107
2.055059517,1.998198591,2.136667807,2.177599601
1.959617866,1.997971129,2.154157792,2.23832619
2.126426641,1.942105255,2.023684545,2.02986197
2.294697074,2.079809254,2.11201443,2.090290099
2.033476448,2.204854787,2.283202117,2.41108955
2.226364794,2.07631062,2.110033133,2.066260575
2.139110369,2.309723132,2.458478898,2.7010929
2.254450667,2.045096723,2.094126866,2.108419045
2.284118053,2.02511798,2.104933989,2.079876015
2.28850051,2.096845117,2.226851465,2.195943588
2.153714249,1.965649931,2.161656018,2.142007993
1.837437577,1.73537475,1.867304558,1.828877965
2.021273858,1.818731091,1.828183111,1.712790535
2.185786913,2.29505631,2.357663139,2.399755465
2.150596109,2.260986012,2.422707827,2.404810824
1.893350213,1.757862286,1.788054783,1.793518942
2.245086566,2.16076785,2.238718489,2.249870913
1.897878301,1.827046757,1.893042208,1.957943542
1.732302959,1.649848275,1.636015562,1.666872588
2.421449384,2.19329885,2.229430725,2.236309213
1.856524705,1.626339552,1.623780368,1.956733942
1.82995178,1.627054145,1.648886834,1.581184452
2.019951646,1.76254398,1.761549547,1.719503146
1.86347512,1.880840487,2.042286956,2.150360988
1.668983209,1.672472755,1.770050347,1.787686496
1.654583811,1.798363372,1.939400533,1.992019562
1.817711881,1.726976776,1.809882964,1.840656958
1.902283886,1.894553591,2.075521759,2.228146655
1.821894276,1.934978682,2.095525804,2.295517973
1.895764277,1.923686405,2.128887197,2.339530056
1.950962962,1.892674217,2.007883107,2.113018162
1.985497799,1.983635128,2.27450968,2.405930339
2.068544364,1.977890741,2.078185951,2.131972169
2.178405235,2.147326131,2.564698026,2.808857729
2.21390782,2.291600962,2.428869532,2.560293015
2.362429268,2.285040938,2.53810368,2.845676104
2.050976129,2.021971394,2.417376759,2.685098353
2.07503628,2.132776193,2.286502968,2.330501798
1.645499632,1.697364173,1.806352967,1.910405369
2.033397979,2.017548297,2.33817534,2.690879672
2.025200551,2.079805985,2.239659827,2.390124358
1.705762892,1.903098604,2.128347751,2.324077497
1.982714511,2.083325122,2.30469207,2.604555947
2.105666643,1.940498473,2.220247103,2.217044212
2.240882568,2.077880359,2.216323335,2.26057655
2.180668805,1.98068636,1.891445191,1.848550523
2.310294738,2.151339932,2.280213845,2.281866382
2.050250123,1.976187963,2.151293501,2.122909428
2.291989512,2.256010084,2.312924602,2.307122291
1.812595153,1.796406851,1.801453907,1.815313603
2.44826494,2.387180175,2.531517128,2.630333222
2.134095378,2.100434788,2.158143967,2.35261163
2.149750717,2.014948959,2.025246979,1.99809881
1.958973233,1.792312013,1.964523847,2.046607568
1.921104569,1.778759962,1.970389721,2.055541021
2.018117139,1.950190766,2.175962948,2.298888201
1.816478016,1.711720111,1.925836709,1.999528927
1.867154443,1.78611215,2.027036189,2.086257265
1.644423567,1.606173531,1.70162623,1.804790879
1.71746345,1.757722344,1.892130328,2.022844897
2.023350841,2.085617126,2.314052774,2.48706075
2.124490494,2.146108049,2.293861376,2.429468586
1.942526289,1.817054017,1.862173733,1.883335029
2.149476704,2.101609696,2.312229,2.371010346
2.200355386,2.183072901,2.251265591,2.359503259
2.091096251,1.802120102,1.766790833,1.733558336
1.787985788,1.713558532,1.657378679,1.638514743
2.08460406,2.075559136,2.263346325,2.297046907
1.564187515,1.519146462,1.705333374,1.766467452
1.657956127,1.58864058,1.755498073,1.805047609
1.670444016,1.611554842,1.812526556,1.875572092
1.592371185,1.503359429,1.659288979,1.721347587
1.560895888,1.508631194,1.664922904,1.71906532
1.711038441,1.645549313,1.739157503,1.833960967
1.730912816,1.611270127,1.752554916,1.889406364
2.089028314,1.97065703,2.088456469,2.224000362
1.517350761,1.504050743,1.61029289,1.701022593
1.817265923,1.750325289,1.873241949,2.074830835
1.716846487,1.759630706,2.037473297,1.98147666
1.845126625,1.885153396,2.064202672,2.044398793
1.63026741,1.683474258,1.769534232,1.698506088
1.928164292,1.901952014,2.070303606,2.070847479
1.926440535,1.891010131,2.09124246,2.216532974
2.309225937,2.204136917,2.23423803,2.449247022
2.123210741,1.889732409,1.858036803,1.870626694
2.223154866,2.193621205,2.274561798,2.455475647
2.298532773,2.023713662,2.013979411,1.93176963
2.240071735,2.228499646,2.354851839,2.300551269
2.532155049,2.44079215,2.607513796,3.100339328
2.509098851,2.357573157,2.47649115,2.637623406
2.224799188,2.157103839,2.28787749,2.535533337
2.183387107,1.994506306,2.141642184,2.447807571
1.942235321,1.883066277,1.983533247,2.162049228
1.963932678,1.78933971,1.845150627,1.851893757
2.272423611,2.071450475,2.157859374,2.296352088
2.026212751,1.868510976,1.929987862,2.026745484
1.97553223,2.044528244,2.282898739,2.349450215
2.020259293,1.999142452,2.164969376,2.30988287
2.084712916,1.976284549,2.186072545,2.447726072
2.155685686,2.048968766,2.163424016,2.336730835
2.228057067,2.135168559,2.387310168,2.681356936
2.314016126,2.136132931,2.337688534,2.615285874
2.466526597,2.391648025,2.553294689,2.943891249
2.016247174,2.112261663,2.290191074,2.519628846
1.847835662,1.917130277,2.242953999,2.555452584
1.965755769,1.995554311,2.374492797,2.789912354
1.748691837,1.764376009,2.210207178,2.583033852
2.058359522,1.913031415,1.958185331,2.13887966
2.038710225,2.031186661,2.198616118,2.59443544
2.1188875,2.174594092,2.354922675,2.74371496
1.756700584,1.799683664,1.913416754,2.034300937
1.969201172,1.964746616,2.207914148,2.51416719
1.993939854,1.92352051,2.086835954,2.302045747
1.977250468,1.865300812,1.978571641,2.15357317
2.112955498,2.058552437,2.281056056,2.587524241
2.22590407,2.23878343,2.605110119,3.075786388
2.259757118,2.262722785,2.540197883,2.953121672
2.282567838,2.211068688,2.530466836,2.8350293
1.894626546,1.831728868,2.192467648,2.500505954
2.132744305,2.030030952,2.172758201,2.418936028
1.886883567,1.804459696,2.059645028,2.416435742
2.117592728,2.02591989,2.261062093,2.64511197
2.072517322,1.981634193,2.062112363,2.18167761
1.704055566,1.723873061,2.007011393,2.016013045
1.579752878,1.562873329,1.836497438,1.825022128
1.488881599,1.43884275,1.721127666,1.714163061
1.662455337,1.63504087,1.927898968,1.910836162
1.685947119,1.669135312,1.962555373,1.952300563
2.07583284,1.999989129,2.196073448,2.284198609
2.060727075,2.098324664,2.339350321,2.436045132
2.140567914,2.032293746,2.312037969,2.383739115
2.147667295,2.14358712,2.438984135,2.581280191
2.195705445,2.092556327,2.25619479,2.351558184
1.990691671,1.859030115,1.940041644,1.940588073
2.185705363,1.962398535,1.845805196,1.784284947
2.375291787,2.256276263,2.511508657,2.522397946
2.284952489,2.113149311,2.236923133,2.170881264
2.071681401,1.998358001,2.225707287,2.286911608
2.106806903,2.194092798,2.553853909,2.761061074
1.939699836,1.899241358,1.997093345,2.080947674
1.804377233,1.832732502,1.991416246,2.083397297
1.801978351,1.79768381,1.997934675,2.124741336
2.069177453,2.127498791,2.451377474,2.632081788
1.987604726,2.053944436,2.400262707,2.491393611
2.346271283,2.385107475,2.849228625,3.051003825
2.323378651,2.347232944,2.716954256,2.895231399
2.076255348,2.147823965,2.58657081,2.815768843
2.222735965,2.283065272,2.680141831,2.830514366
1.745702447,1.804625519,2.105989202,2.132793844
1.768989908,1.794795966,2.105450351,2.101922425
1.740162436,1.759268726,2.065093954,2.063738549
1.850057316,1.79144653,2.128053574,2.117704489
1.880833507,1.896899787,2.241074484,2.217896802
1.723784478,1.857112774,2.315918867,2.237039908
1.98724592,2.043805997,2.486216777,2.378466832
1.826294167,1.954557522,2.39089905,2.270403473
1.989084551,2.104098744,2.575881243,2.428108965
1.897768267,1.997759377,2.43562648,2.326917679
2.413076124,2.280612196,2.685089331,2.718208367
2.214039913,2.111112513,2.56676258,2.643598194
2.344626258,2.298317225,2.450367792,2.51703033
2.342958636,2.231354,2.411412746,2.421137997
2.300600919,2.240864166,2.59785868,2.686360672
2.22767869,2.307150493,2.815557616,2.87839332
2.185291902,2.199884197,2.706208978,2.739587956
2.425636856,2.428192474,2.924779376,2.931787205
2.10716781,2.192117644,2.658861855,2.699173264
2.280107032,2.312165188,2.799364759,2.877633464
2.006862975,1.930422434,2.161633641,2.15620943
1.88852269,1.869589376,2.183479772,2.123129716
1.840421424,1.842706144,2.144111764,2.099475389
1.893497837,1.833946003,2.157077884,2.131004815
1.744092197,1.745961673,2.037726915,2.041195825
1.441509805,1.423939364,1.422766201,1.419130241
1.416710887,1.378003092,1.331510443,1.337515664
1.791157377,1.599396465,1.57519832,1.60273686
1.669089615,1.59829293,1.628959777,1.640913443
1.636565028,1.544702913,1.450908287,1.45160991
1.47462037,1.390875788,1.392129823,1.387692335
1.388229261,1.309446081,1.310631392,1.306452166
1.485869638,1.407000705,1.408677077,1.412792676
1.583855269,1.455598257,1.418617387,1.410780133
1.738371117,1.601266072,1.59155237,1.592381545
1.669686045,1.56436144,1.504937397,1.508581217
2.281225928,1.989795261,1.936852246,1.939832395
2.003054458,1.74280022,1.665318306,1.67390566
2.257525442,1.923503793,1.822317871,1.861610494
1.762355177,1.668762778,1.64791463,1.660314681
1.700831673,1.584691083,1.537177415,1.543127073
2.063185555,1.836467509,1.835689946,1.843713049
2.069695144,1.873942521,1.867432617,1.876512809
1.737707716,1.565430687,1.497930297,1.520497294
1.55082318,1.461228196,1.411112207,1.4079868
1.614368536,1.633919389,1.784400413,1.787606794
1.55667502,1.633793786,1.75711203,1.771634986
1.454058955,1.582257825,1.70398378,1.701827899
1.402899428,1.452215587,1.583740094,1.581749625
1.495927548,1.629723727,1.746535457,1.746663369
1.880124345,1.907702234,2.027616406,2.043462347
2.013507291,1.959341437,1.962382328,1.973087903
2.117333547,2.025793715,2.010397452,2.035857123
1.920664944,2.03631934,2.117497561,2.124046077
1.857243066,1.923667396,2.108959366,2.096422318
1.877698636,1.944833287,2.132254038,2.11957851
1.753134329,1.600887918,1.663177161,1.664876352
1.913996525,1.809907178,1.873810114,1.891954558
1.809714479,1.801659585,1.875832906,1.88931856
1.721901549,1.668039297,1.687958086,1.696634823
1.856241392,1.793123664,1.905502722,1.929466747
1.876500464,1.761097333,1.750062452,1.775529081
2.043345096,2.083981148,2.189599259,2.207858042
1.91663007,1.916802522,2.025066958,2.054124647
2.111358784,2.072878952,2.227182236,2.239818618
1.742248095,1.689550738,1.737205876,1.739864278
2.000411546,2.128882926,2.287318516,2.305362044
1.864441039,1.806902289,1.840982366,1.854940108
2.100077836,2.125162822,2.259189131,2.268457342
1.705941283,1.595612807,1.631239793,1.625889839
1.917160822,1.740691448,1.687411067,1.685585946
1.945751915,1.670367424,1.577923009,1.603933184
1.987516294,1.856023579,1.757642295,1.777737781
1.931262882,1.696137984,1.651256479,1.673183861
2.068780005,1.835668934,1.73626366,1.769984209
1.612547529,1.67997825,1.744692404,1.749820789
1.634565143,1.699154643,1.748863162,1.749012496
1.771812806,1.771410338,1.861370673,1.867796906
1.59624637,1.649924772,1.715632429,1.715651702
1.571568025,1.601993665,1.620436478,1.624070731
1.648227893,1.621822287,1.65026593,1.650620461
1.601787503,1.663683902,1.742172993,1.742360867
1.703324943,1.731083457,1.757821073,1.757598864
1.687661635,1.692354679,1.715664954,1.71581954
1.734333269,1.800451118,1.827631287,1.828478987
1.217680816,1.141906152,1.066039815,1.066609659
1.24588961,1.137883173,1.067644817,1.067729504
1.197225512,1.113669209,1.04115384,1.04146677
1.114459148,1.047284545,0.989314489,0.989352976
1.166010212,1.077818892,1.022588487,1.022574716
1.412247498,1.415152189,1.45352781,1.453489971
1.333184271,1.332515467,1.352338358,1.353610314
1.398508573,1.388760027,1.414451387,1.416218667
1.37854149,1.359713094,1.379004755,1.379438517
1.400266116,1.379565027,1.413317657,1.4131889
1.460611446,1.43194223,1.4225651,1.422505854
1.400771436,1.425936128,1.398218153,1.398864566
1.417149192,1.435104293,1.411544155,1.411365719
1.541654538,1.554996529,1.562773613,1.564083993
1.452161132,1.425723732,1.420969777,1.420790149
1.440903938,1.362564946,1.289176965,1.289089063
1.431819317,1.3452179,1.280116591,1.282348835
1.490077863,1.39964164,1.326009618,1.325874512
1.383994356,1.27051554,1.213957774,1.213947647
1.401782095,1.307726326,1.224770407,1.227341773
1.98977631,2.018711052,2.027233835,2.032938379
1.953288807,1.986654273,2.025268202,2.025012184
1.958269614,1.844283044,1.779937009,1.780809608
1.901073997,1.873604016,1.956363744,1.96082673
2.04970795,2.025327458,2.133388415,2.159584003
1.432049736,1.358775369,1.309117081,1.309109884
1.773398457,1.704181481,1.667922178,1.676492043
1.785517235,1.67017686,1.600831554,1.607206526
1.800172946,1.68470988,1.633608423,1.636030672
1.815685161,1.718906222,1.726276322,1.732973699
1.199341165,1.137663876,1.111261987,1.111493919
1.169274809,1.166334614,1.159904402,1.160977829
1.160981159,1.117735163,1.116570966,1.116416071
1.174382494,1.146703016,1.124833646,1.125030187
1.156324304,1.138448762,1.109841911,1.110274369
1.632515815,1.453255738,1.377708364,1.386219788
2.024503673,1.939569536,1.877772407,1.879027023
1.997950066,1.847793441,1.764757631,1.767748967
1.897459474,1.757655235,1.691598681,1.692698813
1.940287453,1.848194081,1.761333745,1.761111091
1.793089683,1.698414584,1.808512648,1.817393373
1.579149072,1.441781393,1.375509547,1.390715103
1.654583887,1.590284717,1.544959722,1.559077049
1.652329525,1.516376858,1.533234689,1.557803901
1.916386298,1.763949497,1.846823849,1.851376908
1.791997476,1.715860982,1.69087727,1.698807182
1.784598649,1.752270194,1.730191437,1.743066223
1.646767304,1.623270421,1.61058373,1.610288577
1.833241306,1.667381217,1.627277237,1.627713644
1.604583154,1.607187648,1.66231155,1.668530363
1.623727401,1.599791759,1.68065131,1.680343317
1.628629005,1.497102194,1.519490786,1.520410143
1.575237406,1.516840571,1.508934092,1.513057596
1.435022797,1.408424933,1.416833635,1.425987144
1.487313607,1.509132427,1.485030023,1.491211868
2.267875037,2.179366577,2.259934891,2.277313981
1.801793701,1.837212712,1.925696062,1.931710531
2.213217163,2.194103549,2.25165617,2.269246221
1.906495851,1.852806234,1.945413989,1.956992605
2.17170741,2.010519137,2.063986682,2.080704806
1.846277317,1.882979099,2.011772895,2.030536435
1.690425517,1.846167771,1.952512706,1.970291122
1.920192377,1.977323214,2.178158404,2.193935701
1.677411704,1.796181164,2.031794867,2.053307128
1.735776547,1.799047623,1.980445939,1.984147709
2.072905914,1.895714827,1.946041085,1.967355427
2.04015692,1.930489464,1.940281443,1.979684129
1.961901894,1.802583803,1.793609341,1.82577704
1.856556626,1.752544065,1.718677555,1.735598745
2.097698497,1.862096762,1.820099114,1.865523185
1.673772917,1.778549788,1.841614045,1.841276554
1.53241014,1.571885948,1.631122853,1.638429337
1.720151714,1.678244695,1.728355694,1.733753773
1.668748818,1.707515476,1.754227201,1.763736239
1.576185549,1.647447201,1.672239577,1.685674541
1.789112728,1.813986662,1.902811005,1.938934391
1.809304862,1.870382509,2.120111845,2.140318134
1.980769909,1.898862203,2.044276024,2.072288907
1.625898351,1.694818604,1.931090545,1.952629534
1.625679924,1.64407379,1.696171572,1.699143619
2.008074458,1.926937538,2.08694256,2.097529483
1.798211145,1.902219735,2.161309772,2.167122086
2.027123022,1.986772895,2.086077269,2.098154103
1.760220971,1.780240435,1.918028409,1.917676914
1.881703795,1.880526867,2.022571454,2.04642269
1.674658938,1.765209059,1.878153914,1.877809727
1.637617515,1.748989449,1.862575422,1.866487552
1.517601438,1.63880712,1.740853888,1.744573554
1.577388263,1.742596873,1.843454031,1.84892069
1.694270983,1.807395282,1.886917484,1.889966566
1.650624929,1.673959685,1.788343332,1.788001498
1.553294536,1.618283134,1.744142171,1.745130008
1.485145388,1.366974854,1.379728545,1.381749775
1.598219388,1.649613551,1.763452257,1.774145188
1.674274992,1.693585928,1.816958894,1.817654644
1.469854968,1.5271617,1.577250084,1.583412741
1.90772399,1.979143801,2.116608484,2.131621802
1.79715581,1.786552463,1.953459318,1.976547029
1.888011112,1.945610311,2.054187514,2.060128838
1.675807226,1.58080813,1.61489823,1.627903787
1.650988329,1.721901217,1.878853939,1.878430543
1.588807404,1.534747564,1.542482158,1.54703644
1.585749147,1.703016931,1.840771016,1.842959561
1.749132167,1.758687013,1.939938909,1.939490843
1.581981145,1.656227976,1.780139187,1.782226193
1.502784586,1.634523146,1.756342063,1.756296753
1.45257252,1.442932689,1.494315377,1.493979827
1.569984338,1.54506636,1.616689542,1.616620836
1.527179705,1.52961382,1.602536511,1.603029075
1.486302792,1.586739369,1.684486049,1.684052522
1.299899307,1.271995459,1.341962445,1.343479057
1.554291374,1.565278949,1.621723843,1.621167684
1.492184602,1.433495494,1.468846879,1.481434727
1.493380498,1.447373552,1.581805294,1.584681242
1.336187862,1.328980077,1.439841215,1.444157301
1.350825817,1.401249304,1.465505873,1.465005672
1.299467647,1.399168565,1.445121933,1.450316945
1.2349781,1.315422839,1.388533374,1.388260641
1.352289118,1.422055669,1.485045591,1.485826765
1.321052235,1.435621199,1.501665937,1.501749553
1.448867452,1.453521258,1.528989141,1.530008909
1.4824425,1.470960263,1.516844426,1.519599898
1.559913715,1.528294079,1.561943755,1.566124709
1.70813871,1.703255155,1.74269855,1.742237479
1.525551975,1.506088052,1.607642052,1.608778839
1.746171069,1.820541664,2.047039328,2.051820915
1.831786002,1.914365737,2.199988301,2.204641811
1.865034022,1.75768446,1.924428071,1.926726917
1.858322328,1.88045896,2.018744194,2.022761988
1.717410134,1.691916181,1.773136498,1.777962655
1.115723172,1.101263218,1.137481433,1.137386778
1.111446189,1.107422157,1.137247728,1.137075228
1.127488371,1.118775489,1.150218508,1.149827122
1.043827315,1.033540492,1.07007334,1.071696412
1.161065017,1.143005643,1.170510754,1.170090564
1.330843638,1.237265878,1.239784175,1.239513466
1.297159882,1.25440757,1.241448876,1.242642098
1.315648844,1.239572421,1.236436784,1.236151226
1.253335299,1.240952785,1.230822768,1.230509333
1.274943523,1.24286946,1.229856106,1.229582888
2.056220865,1.940855772,2.044637333,2.148037704
1.889733135,1.903520834,2.026856401,2.275414843
1.741785917,1.743757154,1.864135314,2.177753138
1.591362718,1.623188578,1.752935533,2.004173615
1.777447725,1.788518654,1.925530302,2.76606348
1.772070266,1.817285496,1.947600856,2.112618332
1.818444746,1.742925906,1.8980031,1.96670086
2.144924704,1.98326807,2.101822083,2.121358881
2.024595986,2.021315306,2.187212165,2.476065878
1.848902316,1.886164362,1.933167476,2.282657065
1.835209448,1.666753963,1.740244931,1.657894441
1.819780536,1.76721314,1.809457963,3.065482185
1.916123923,1.788723573,1.76830946,3.001048663
1.662451314,1.601977812,1.651011524,1.611408075
1.957775884,1.851557523,1.851748186,3.318169988
2.077206889,2.006570219,2.180354082,2.485749998
2.026783793,2.125465263,2.551806116,2.75485425
2.205079308,2.233958018,2.443604886,2.786599491
2.094577905,2.239916114,2.351455456,2.325564633
2.059348271,2.182029758,2.577117287,2.681145485
1.384197225,1.487025739,1.737973129,1.891552855
1.54908953,1.567330045,1.627818943,1.679679102
1.529743417,1.547691679,1.607478601,1.658678583
1.396004803,1.412481409,1.466934192,1.513719987
1.525496914,1.536301696,1.761893301,1.891469391
2.199864612,2.239822201,2.47006282,2.41571337
2.356217585,2.405404082,2.437977773,2.390688487
2.35787958,2.239331551,2.254325409,2.252852546
2.194515818,2.330019691,2.461656877,2.336035198
2.329421829,2.325020456,2.23465677,2.132848167
2.188095892,2.116684978,2.187318828,2.700058251
1.967408118,1.82261494,1.800246182,2.894757539
1.90701407,1.836294706,1.832470893,2.94304083
2.265364331,2.023298276,1.928884922,2.8079761
2.314567105,2.155374148,2.288097873,2.173776616
1.601378331,1.598115859,1.603232595,1.744894276
1.865648032,1.789054168,1.929875984,2.067739503
1.906597831,1.805386209,1.931759052,2.051733288
1.820022518,1.744782319,1.877190057,1.97008297
1.674063391,1.655608254,1.728434426,1.866053281
1.943319285,2.092269874,2.544922729,2.666701898
1.975023616,2.042027725,1.945061979,3.602591416
1.670459224,1.83437521,1.912836465,1.915675733
1.832062179,2.026665817,2.176867605,2.151176455
1.778735728,1.853764678,2.063153205,2.342948112
2.085424959,2.240170034,2.486476948,2.740330273
2.182497217,1.994605333,2.072507166,2.360373759
1.551523505,1.585793491,1.737930209,2.067275207
2.036182357,2.141322209,2.265581181,2.494489292
1.988052396,1.883915944,1.980563462,2.141500152
1.602086982,1.638446218,2.10799939,2.148285862
1.583432372,1.656906878,2.145816991,2.150958801
1.761229292,1.895522274,2.506671555,2.568126603
1.621597773,1.855029535,2.171258689,2.082805233
1.71612557,1.918748558,2.327101365,2.362149483
1.693747426,1.866980497,2.455550644,2.615080034
1.514117453,1.703799275,2.256222364,2.413933945
1.629049663,1.717630184,2.234287443,2.409551749
1.73491245,1.900310366,2.295176411,2.356663248
1.714406877,1.926023269,2.313871552,2.284996166
1.141232444,1.190825799,1.385978897,1.353718652
1.131796052,1.214106121,1.428164725,1.383857269
1.140311169,1.209967219,1.423038161,1.369803057
1.071490138,1.137769618,1.359866131,1.32235715
1.083107767,1.154786629,1.338504329,1.288172613
1.749078112,1.945062844,2.436340034,2.673286688
1.584045207,1.611230932,1.891624466,1.97433528
1.836820136,1.962247453,2.226559337,2.281980096
1.6755743,1.811765338,2.440355508,2.812777192
1.715120773,1.899610582,2.257335491,2.428953484
1.306769507,1.419526266,1.792647506,1.78278796
1.290155306,1.344433178,1.583009458,1.60747368
1.257632816,1.326523509,1.613176413,1.77958055
1.31828895,1.352380582,1.66674001,1.698863505
1.264993812,1.300754465,1.556626607,1.563568397
1.144295674,1.247167663,1.490749098,1.487469167
1.125332122,1.224677314,1.460492932,1.448253127
1.152768755,1.271489757,1.527252797,1.51230238
1.068399471,1.161263447,1.367896026,1.341302888
1.088145574,1.1952134,1.418486167,1.391894428
1.34579144,1.511475708,1.885867234,1.839978985
1.390058378,1.589518477,1.964064616,1.900899227
1.417587065,1.580745105,1.99574318,1.911245975
1.38174176,1.493617999,1.849982502,1.838883144
1.407873539,1.603222683,1.995472096,1.977765004
1.701344316,1.716362093,2.062713718,2.03131763
1.846710709,1.904344494,2.292140599,2.180455663
1.900406028,2.022861145,2.538998164,2.628864423
1.929149663,2.108906453,2.53113622,2.545592012
1.916645432,1.883041098,2.104977921,2.954189491
1.31782764,1.336115574,1.63244263,1.562040188
1.314281263,1.429686835,1.730366107,1.657088985
1.253275501,1.337001832,1.583519803,1.501978872
1.293719688,1.386837531,1.626611233,1.580567857
1.368859387,1.437443419,1.754886911,1.695578642
1.715691893,1.790602015,2.308348196,2.348495171
1.920164564,2.100347102,2.63814475,3.006084384
1.635613519,1.811654447,2.354745462,2.422458634
1.729095987,1.855468673,2.367166274,2.434325262
1.773013305,1.894334534,2.528834489,2.62641896
1.413583562,1.548015572,1.794473175,1.973439251
1.615501902,1.704133456,1.994325025,2.071990282
1.662333658,1.737989107,2.000763004,2.145009097
1.514438067,1.628298874,1.86613065,1.970794948
1.732596468,1.810195142,2.085821644,2.574582758
1.778027937,1.752475471,1.844257112,1.8741022
1.851744562,1.695545425,1.683208968,2.050076641
1.528010193,1.494302925,1.538561668,1.537877277
1.780238798,1.747300395,1.795214974,1.866021383
1.973075203,1.942690957,2.033318186,1.984720123
2.760912321,2.584992948,2.794626748,3.259444923
2.419442881,2.43410006,2.70254713,3.12334744
2.365685278,2.275541178,2.413030803,2.440795414
2.512033667,2.449716013,2.717502527,2.953326721
2.36805873,2.295753608,2.432236786,4.593962299
2.181866065,2.303487626,2.41293392,4.173410623
2.147103439,2.141221193,2.185521363,2.122579807
1.940027953,2.081707332,2.531977899,2.566473823
1.97808509,2.119621378,2.54035471,2.606674765
1.937885121,2.038590475,2.486084704,2.719227871
1.716138176,1.843600404,1.983181671,2.332913845
1.900065245,1.90825682,2.092911269,2.252914897
2.13199648,2.1239868,2.281811934,2.760032318
1.876313027,1.835566626,1.824741413,1.843596297
1.728815949,1.576459729,1.551603026,1.61804363
1.864101083,2.12641332,2.502727516,2.669099099
1.917519681,2.122214051,2.498587395,2.503267096
1.751187049,1.880721489,2.337159131,2.744971548
1.923155764,2.104821711,2.447819771,3.280683468
1.987918095,2.125801468,2.590739637,3.049637961
1.945001393,2.002150858,2.328725688,2.433754848
1.887857767,1.959165544,2.209613068,2.138603128
2.088628908,2.012988231,1.894947813,3.002896384
1.825551518,1.854982827,1.825699843,2.726445256
1.762499738,1.804976711,2.104316081,2.103214534
1.780422469,1.699736859,1.780688788,1.784347097
1.989676664,1.839215246,1.916624738,1.892444196
2.140634366,2.056130112,2.234761204,2.363937305
2.277638484,2.112551298,2.139627749,2.867800606
2.177144765,2.015948887,2.145340939,2.161057838
1.787530498,1.92426968,2.276702944,2.458023756
1.96718023,2.041341391,2.432033985,2.657423025
1.880103445,2.086201953,2.314568682,2.429428829
1.887432742,2.09423273,2.323458739,2.438771123
1.851132058,2.05404862,2.278920163,2.392045698
2.011955013,1.866773897,1.832091152,3.082684258
2.323211202,2.171233495,2.276383108,2.211399792
1.824575698,1.719138396,1.834193713,1.780998976
2.339747732,2.112486704,2.162729092,2.067557556
1.88785335,1.779489739,1.782025137,1.771561265
2.152471507,2.090584962,2.161731436,2.109192679
1.913100108,1.943848283,1.951233364,3.517295368
1.931242164,1.99092676,2.247840003,2.210532416
1.976181822,2.086941067,2.589972942,2.700901229
2.033390216,2.134863608,2.349375054,2.321011922
1.623011987,1.721376959,2.131182365,2.182321697
1.932286591,2.099457677,2.547978016,2.58131952
1.839797456,2.078655011,2.476254722,2.502970813
1.848888977,1.911582984,2.363308793,2.37566545
1.918944084,2.11615924,2.501798864,2.496499731
2.215623668,2.133604345,2.15421508,2.718411256
2.034973342,2.259013092,2.606035727,2.633739894
2.286407644,2.283868388,2.66218945,2.635264588
2.230759832,1.998190743,2.043157259,1.984685946
2.246893106,2.379243202,2.770934741,2.764376349
1.800036498,2.020291908,2.484749052,2.520322731
1.848497023,2.02679105,2.429451903,2.411418942
1.701327095,1.847839247,2.304912477,2.280906197
1.830290741,2.026890673,2.422083871,2.385048245
1.735664347,1.878038469,2.293771527,2.276542918
1.621951954,1.730897585,2.15308602,2.302604764
1.93513325,2.077660443,2.588484446,2.727988202
1.83393354,1.971970274,2.460951329,2.631676907
1.927585928,1.911588485,1.931659083,3.483364698
1.813583639,1.972271699,2.465973611,2.620190211
2.271892222,2.211556881,2.530232393,2.763964163
2.309845246,2.495916532,3.183658606,3.466842502
2.238878176,2.322708729,2.608982336,2.855346818
2.357236481,2.343494117,2.525071381,2.582837424
2.429111296,2.438413008,2.729466185,3.839650879
1.488140297,1.533360967,1.823564373,2.061770375
1.59944444,1.665390112,2.024936686,2.228620352
1.681532041,1.72706705,2.069950139,2.341552934
1.798968888,1.827422961,2.068251219,2.220727119
1.618156926,1.712068512,2.046839962,2.308566999
1.336439933,1.359081506,1.6065217,1.64742118
1.325328734,1.347467389,1.577616779,1.640798953
1.379641595,1.406510673,1.673901409,1.714234657
1.333652756,1.381577922,1.624400551,1.681017093
1.31157706,1.371021494,1.597292824,1.643551686
2.234964347,2.401684277,3.06329213,3.785057229
2.222970866,2.174837715,2.524792808,2.525668767
2.376823547,2.579666057,3.193608454,3.301551044
2.27254367,2.290399335,2.750393204,2.876474889
2.394426531,2.407279424,2.638394135,2.67751845
1.949168976,2.040553561,2.023419169,2.213488574
1.762027183,1.777536308,2.142212384,2.164503586
1.865448526,1.922141847,2.051822622,2.050390569
1.767143902,1.811270337,2.189602472,2.238846526
1.904165535,2.000919575,2.28245462,2.684984923
