Index,NoDamage,Slight,Moderate,Severe,Complete
Building_T1-60x30-S2-GS_Existing1,0.329660351,0.884339472,1.322412699,1.467601677,1.481104949
Building_T1-60x30-S2-GS_Existing2,0.312915191,0.811050019,1.226989613,1.350254242,1.364673921
Building_T1-60x30-S2-GS_Existing3,0.184468097,0.525125989,0.787491109,0.823351577,0.824550303
Building_T1-60x30-S2-GS_Existing4,0.160494583,0.480399641,0.688040437,0.742121064,0.748565387
Building_T1-60x30-S2-GS_Existing5,0.190450266,0.566524119,0.890811398,0.988299847,0.996978156
Building_T1-60x30-S2-GS_Existing6,0.165303003,0.508164711,0.755353213,0.810316749,0.810311602
Building_T1-60x30-S2-GS_Existing7,0.220192605,0.650511859,0.996497585,1.117991423,1.123589065
Building_T1-60x30-S2-GS_Existing8,0.167998813,0.497273298,0.796669335,0.905681959,0.920194605
Building_T1-60x30-S2-GS_Existing9,0.179253198,0.515301663,0.789715421,0.868545125,0.868536188
Building_T1-60x30-S2-GS_Existing10,0.135719511,0.421593084,0.6523785,0.734427814,0.752926711
Building_T1-60x30-S3-GS_Existing1,0.148577486,0.439916515,0.67051337,0.75466345,0.754678061
Building_T1-60x30-S3-GS_Existing2,0.174568685,0.505979617,0.770527014,0.83860461,0.851929098
Building_T1-60x30-S3-GS_Existing3,0.107134395,0.322392913,0.477074725,0.530727778,0.530749004
Building_T1-60x30-S3-GS_Existing4,0.108664399,0.328194733,0.484314852,0.546304566,0.54636432
Building_T1-60x30-S3-GS_Existing5,0.143193105,0.429763915,0.615498283,0.651172519,0.651172519
Building_T1-60x30-S3-GS_Existing6,0.121078318,0.342160897,0.483483854,0.531669183,0.531678891
Building_T1-60x30-S3-GS_Existing7,0.135445832,0.45319643,0.728276297,0.824598473,0.840166473
Building_T1-60x30-S3-GS_Existing8,0.10626534,0.287833378,0.455974443,0.48775486,0.488134041
Building_T1-60x30-S3-GS_Existing9,0.108749512,0.325244874,0.481361702,0.525430977,0.525430977
Building_T1-60x30-S3-GS_Existing10,0.142891405,0.429142197,0.634606576,0.66217685,0.665323205
Building_T1-100x30-S2-GS_Existing1,0.152908841,0.51382905,0.784077968,0.8638354,0.863961952
Building_T1-100x30-S2-GS_Existing2,0.282406812,0.778899642,1.192331289,1.32290353,1.330983428
Building_T1-100x30-S2-GS_Existing3,0.127766459,0.427090255,0.687978042,0.744124723,0.74416075
Building_T1-100x30-S2-GS_Existing4,0.182589474,0.541503411,0.781046334,0.853474181,0.855144303
Building_T1-100x30-S2-GS_Existing5,0.141452823,0.441297092,0.676018174,0.73777747,0.73777747
Building_T1-100x30-S2-GS_Existing6,0.215761742,0.660370203,1.064360266,1.211750738,1.223607757
Building_T1-100x30-S2-GS_Existing7,0.167451774,0.527147248,0.781278005,0.850246475,0.853336761
Building_T1-100x30-S2-GS_Existing8,0.169442874,0.514093739,0.760055802,0.794410372,0.799800307
Building_T1-100x30-S2-GS_Existing9,0.286272201,0.764459218,1.114324715,1.185846778,1.19233418
Building_T1-100x30-S2-GS_Existing10,0.221846106,0.663524816,1.004043461,1.061134863,1.076919582
Building_T1-100x30-S3-GS_Existing1,0.107103126,0.280935673,0.443686884,0.492701329,0.492701329
Building_T1-100x30-S3-GS_Existing2,0.110587285,0.309344181,0.454099349,0.479952007,0.479956974
Building_T1-100x30-S3-GS_Existing3,0.12922309,0.342427757,0.439404084,0.446672262,0.446670415
Building_T1-100x30-S3-GS_Existing4,0.114955533,0.318511469,0.460585966,0.467928512,0.467909177
Building_T1-100x30-S3-GS_Existing5,0.064625503,0.257780379,0.399355458,0.422953985,0.422959204
Building_T1-100x30-S3-GS_Existing6,0.112121514,0.296332017,0.453800166,0.486031659,0.486020155
Building_T1-100x30-S3-GS_Existing7,0.102014235,0.32096773,0.485160664,0.493536103,0.493536103
Building_T1-100x30-S3-GS_Existing8,0.124485243,0.336732786,0.51977466,0.542689633,0.546399161
Building_T1-100x30-S3-GS_Existing9,0.175970841,0.509000145,0.759518599,0.796741196,0.797996862
Building_T1-100x30-S3-GS_Existing10,0.137929723,0.380777575,0.55274038,0.581392648,0.581379598
Building_T1-60x30-S2-PS_Existing1,0.119563152,0.382850209,0.652694163,0.85481108,0.90679387
Building_T1-60x30-S2-PS_Existing2,0.174827346,0.52859676,0.929609719,1.275848694,1.435240897
Building_T1-60x30-S2-PS_Existing3,0.119224353,0.306095979,0.53445916,0.619456167,0.647272556
Building_T1-60x30-S2-PS_Existing4,0.111041225,0.375134223,0.59932701,0.742819045,0.763369605
Building_T1-60x30-S2-PS_Existing5,0.178034264,0.521555707,0.878400639,1.185296677,1.262775955
Building_T1-60x30-S2-PS_Existing6,0.161866035,0.487914334,0.829973695,1.076144344,1.168190231
Building_T1-60x30-S2-PS_Existing7,0.164929234,0.48391349,0.837265123,1.134917709,1.211688628
Building_T1-60x30-S2-PS_Existing8,0.123169793,0.363436787,0.566076572,0.671996533,0.698088241
Building_T1-60x30-S2-PS_Existing9,0.176839841,0.522790991,0.908907832,1.19520569,1.313991412
Building_T1-60x30-S2-PS_Existing10,0.175105062,0.564288697,0.930002743,1.195593144,1.279321898
Building_T1-60x30-S3-PS_Existing1,0.105443907,0.317720952,0.497353502,0.606565891,0.622783603
Building_T1-60x30-S3-PS_Existing2,0.107747479,0.274930104,0.445841561,0.55417302,0.559525731
Building_T1-60x30-S3-PS_Existing3,0.110170443,0.269117705,0.449218286,0.569892049,0.603188536
Building_T1-60x30-S3-PS_Existing4,0.114302112,0.297715386,0.492639601,0.578052445,0.591206983
Building_T1-60x30-S3-PS_Existing5,0.158615328,0.45790193,0.694166434,0.820176564,0.834915668
Building_T1-60x30-S3-PS_Existing6,0.09604643,0.244851188,0.402003919,0.451573822,0.453549623
Building_T1-60x30-S3-PS_Existing7,0.10815413,0.365855688,0.615064631,0.777951026,0.830801379
Building_T1-60x30-S3-PS_Existing8,0.109063039,0.319860636,0.499665006,0.560849964,0.566072125
Building_T1-60x30-S3-PS_Existing9,0.097027624,0.240985786,0.409796166,0.479879271,0.486189299
Building_T1-60x30-S3-PS_Existing10,0.141380513,0.448323373,0.714197205,0.863088753,0.875286747
Building_T1-100x30-S2-PS_Existing1,0.125157915,0.315935083,0.519115492,0.581959407,0.591611389
Building_T1-100x30-S2-PS_Existing2,0.202899647,0.560074182,0.928624276,1.169165154,1.187503511
Building_T1-100x30-S2-PS_Existing3,0.161473869,0.499587668,0.76195091,0.911254449,0.924386392
Building_T1-100x30-S2-PS_Existing4,0.120352496,0.388549995,0.674775025,0.860010728,0.901973388
Building_T1-100x30-S2-PS_Existing5,0.164816829,0.485358987,0.816847794,1.072524058,1.154088306
Building_T1-100x30-S2-PS_Existing6,0.168894963,0.529685598,0.86228725,1.14908724,1.215985669
Building_T1-100x30-S2-PS_Existing7,0.138957316,0.441700088,0.763686781,1.005500945,1.04303671
Building_T1-100x30-S2-PS_Existing8,0.116576028,0.329517483,0.557934554,0.671901602,0.681436836
Building_T1-100x30-S2-PS_Existing9,0.179266436,0.525564947,0.886110432,1.195392767,1.221524261
Building_T1-100x30-S2-PS_Existing10,0.138464538,0.368721098,0.581527508,0.651329538,0.651329538
Building_T1-100x30-S3-PS_Existing1,0.060958577,0.253566544,0.379716813,0.391947993,0.39582206
Building_T1-100x30-S3-PS_Existing2,0.077581575,0.20600133,0.34514323,0.381781159,0.384386843
Building_T1-100x30-S3-PS_Existing3,0.130843831,0.422780623,0.651418898,0.759589663,0.772042281
Building_T1-100x30-S3-PS_Existing4,0.101642677,0.313349057,0.496662288,0.530004383,0.529996345
Building_T1-100x30-S3-PS_Existing5,0.115529956,0.303209346,0.497178224,0.565804829,0.57498062
Building_T1-100x30-S3-PS_Existing6,0.053725466,0.212094386,0.329905081,0.358359068,0.358359068
Building_T1-100x30-S3-PS_Existing7,0.11985881,0.362479499,0.587282383,0.741039563,0.777471298
Building_T1-100x30-S3-PS_Existing8,0.073256851,0.193885968,0.309826179,0.326420481,0.326420481
Building_T1-100x30-S3-PS_Existing9,0.068804219,0.193627699,0.304928768,0.322738805,0.325435015
Building_T1-100x30-S3-PS_Existing10,0.079366867,0.210832476,0.316202349,0.334069821,0.334069821
Building_T2-60x50-S2-GS_Existing1,0.300258473,0.803133004,1.239224361,1.337706083,1.342492474
Building_T2-60x50-S2-GS_Existing2,0.174703935,0.547218517,0.873101115,0.987082621,0.988506618
Building_T2-60x50-S2-GS_Existing3,0.313026327,0.78124794,1.166257516,1.245633866,1.25631448
Building_T2-60x50-S2-GS_Existing4,0.163807674,0.485214197,0.74906354,0.800354893,0.805644566
Building_T2-60x50-S2-GS_Existing5,0.178469946,0.542372887,0.793006359,0.832926567,0.832951579
Building_T2-60x50-S2-GS_Existing6,0.165083077,0.491087096,0.782666562,0.853573891,0.853613898
Building_T2-60x50-S2-GS_Existing7,0.197887537,0.570922992,0.872263395,0.948754274,0.957210841
Building_T2-60x50-S2-GS_Existing8,0.223295482,0.65281263,1.052060691,1.233367504,1.233761724
Building_T2-60x50-S2-GS_Existing9,0.160700821,0.45427774,0.709924194,0.748399756,0.753199846
Building_T2-60x50-S2-GS_Existing10,0.261559347,0.712343467,1.120723544,1.213504454,1.216563949
Building_T2-60x50-S3-GS_Existing1,0.153893081,0.458411018,0.714428297,0.753152591,0.758001627
Building_T2-60x50-S3-GS_Existing2,0.126512017,0.356080329,0.460410165,0.460411762,0.460404071
Building_T2-60x50-S3-GS_Existing3,0.069456893,0.352928915,0.592788522,0.661230435,0.665141836
Building_T2-60x50-S3-GS_Existing4,0.109245263,0.287936515,0.441579544,0.45229077,0.455716463
Building_T2-60x50-S3-GS_Existing5,0.134537835,0.416242316,0.672537014,0.715578154,0.715607697
Building_T2-60x50-S3-GS_Existing6,0.137900643,0.431274224,0.721030726,0.825581562,0.839185613
Building_T2-60x50-S3-GS_Existing7,0.109153725,0.331378874,0.456838904,0.463426718,0.463435424
Building_T2-60x50-S3-GS_Existing8,0.098248128,0.377113652,0.600816151,0.656313741,0.658902228
Building_T2-60x50-S3-GS_Existing9,0.105300046,0.326127034,0.449823909,0.463386447,0.46339517
Building_T2-60x50-S3-GS_Existing10,0.149615516,0.432046222,0.598446342,0.633140427,0.633165247
Building_T2-100x50-S2-GS_Existing1,0.198582789,0.60124023,0.960824802,1.064614874,1.069998041
Building_T2-100x50-S2-GS_Existing2,0.130720182,0.416088521,0.611645482,0.611645482,0.612227006
Building_T2-100x50-S2-GS_Existing3,0.15179113,0.48084697,0.654450681,0.664266449,0.665430691
Building_T2-100x50-S2-GS_Existing4,0.103267347,0.379544878,0.561324354,0.561339357,0.561339357
Building_T2-100x50-S2-GS_Existing5,0.19101206,0.540654764,0.924347157,1.021177285,1.026317174
Building_T2-100x50-S2-GS_Existing6,0.1155394,0.399191274,0.577906993,0.599364156,0.599382611
Building_T2-100x50-S2-GS_Existing7,0.195226267,0.582735159,0.966201168,1.071227248,1.076559319
Building_T2-100x50-S2-GS_Existing8,0.176619317,0.521087197,0.806251539,0.847783979,0.848627109
Building_T2-100x50-S2-GS_Existing9,0.201679182,0.581374011,0.830315864,0.839405875,0.844811091
Building_T2-100x50-S2-GS_Existing10,0.160889366,0.484014794,0.743830595,0.797287402,0.797486787
Building_T2-100x50-S3-GS_Existing1,0.150785409,0.448331922,0.578413077,0.583635248,0.588245015
Building_T2-100x50-S3-GS_Existing2,0.150421506,0.424100699,0.542779006,0.542794456,0.542778903
Building_T2-100x50-S3-GS_Existing3,0.107727533,0.291236868,0.45055989,0.480186905,0.480186905
Building_T2-100x50-S3-GS_Existing4,0.103622674,0.271952323,0.359325327,0.36834294,0.368328128
Building_T2-100x50-S3-GS_Existing5,0.094174454,0.273723239,0.380252164,0.382381414,0.382384049
Building_T2-100x50-S3-GS_Existing6,0.129611647,0.337080805,0.458456113,0.458456113,0.458446321
Building_T2-100x50-S3-GS_Existing7,0.116457472,0.383178763,0.623563001,0.659769759,0.659784346
Building_T2-100x50-S3-GS_Existing8,0.108861883,0.29093769,0.426596205,0.441706593,0.445683789
Building_T2-100x50-S3-GS_Existing9,0.146997669,0.439394181,0.592458354,0.615140539,0.615156569
Building_T2-100x50-S3-GS_Existing10,0.125311886,0.345719209,0.529548654,0.562561074,0.562561074
Building_T2-60x50-S2-PS_Existing1,0.125157408,0.41049114,0.688321758,0.957338673,1.041192653
Building_T2-60x50-S2-PS_Existing2,0.141805271,0.453624014,0.757907856,1.026003811,1.069787702
Building_T2-60x50-S2-PS_Existing3,0.166999456,0.496283486,0.834898457,1.130264613,1.202360182
Building_T2-60x50-S2-PS_Existing4,0.134209039,0.375181158,0.635561813,0.799061972,0.824115713
Building_T2-60x50-S2-PS_Existing5,0.199744344,0.582821129,0.972538852,1.328877886,1.388988606
Building_T2-60x50-S2-PS_Existing6,0.135480124,0.424332807,0.741352657,1.01316558,1.108683211
Building_T2-60x50-S2-PS_Existing7,0.201959081,0.576983421,0.974077311,1.316822146,1.36360219
Building_T2-60x50-S2-PS_Existing8,0.165051725,0.514136646,0.863063387,1.186010772,1.304347254
Building_T2-60x50-S2-PS_Existing9,0.145691279,0.440637233,0.712350648,0.964446807,1.003010107
Building_T2-60x50-S2-PS_Existing10,0.127234614,0.421300885,0.68862979,0.903219631,0.938360628
Building_T2-60x50-S3-PS_Existing1,0.122061811,0.317460966,0.5043369,0.615199139,0.615199139
Building_T2-60x50-S3-PS_Existing2,0.089409903,0.252413208,0.411498747,0.475950588,0.475950588
Building_T2-60x50-S3-PS_Existing3,0.099348732,0.276729824,0.469083393,0.634916363,0.656563049
Building_T2-60x50-S3-PS_Existing4,0.086747129,0.228983549,0.364530287,0.385494415,0.385494415
Building_T2-60x50-S3-PS_Existing5,0.108873296,0.363468021,0.610578467,0.748924075,0.757516129
Building_T2-60x50-S3-PS_Existing6,0.10600076,0.353429382,0.594810234,0.775260654,0.827174697
Building_T2-60x50-S3-PS_Existing7,0.103605946,0.345886297,0.600991916,0.759672392,0.781618337
Building_T2-60x50-S3-PS_Existing8,0.122432312,0.389055798,0.657717005,0.865101606,0.925067319
Building_T2-60x50-S3-PS_Existing9,0.061789163,0.170546987,0.280636763,0.298949527,0.298949527
Building_T2-60x50-S3-PS_Existing10,0.119846805,0.312436632,0.536129514,0.741358623,0.788555353
Building_T2-100x50-S2-PS_Existing1,0.098840165,0.257984718,0.496496267,0.632142411,0.65795384
Building_T2-100x50-S2-PS_Existing2,0.12799499,0.371712963,0.66684667,0.787818577,0.796765669
Building_T2-100x50-S2-PS_Existing3,0.13646445,0.41571894,0.704548994,0.943340049,1.029514853
Building_T2-100x50-S2-PS_Existing4,0.125802695,0.388167334,0.62909299,0.814440517,0.8292195
Building_T2-100x50-S2-PS_Existing5,0.097468214,0.258263013,0.461945086,0.559577681,0.565726854
Building_T2-100x50-S2-PS_Existing6,0.131261781,0.400555911,0.687310788,0.913729995,0.936081372
Building_T2-100x50-S2-PS_Existing7,0.122637862,0.375324777,0.672460879,0.872706807,0.907191713
Building_T2-100x50-S2-PS_Existing8,0.103108336,0.293769448,0.522121442,0.578797432,0.583041228
Building_T2-100x50-S2-PS_Existing9,0.12068111,0.312191663,0.523904916,0.69359978,0.717560623
Building_T2-100x50-S2-PS_Existing10,0.123235668,0.334783279,0.548797977,0.737250942,0.769691925
Building_T2-100x50-S3-PS_Existing1,0.09209982,0.219295111,0.378764396,0.39677348,0.39677348
Building_T2-100x50-S3-PS_Existing2,0.09246093,0.250980756,0.446227718,0.513744701,0.521202092
Building_T2-100x50-S3-PS_Existing3,0.091213155,0.229681431,0.423665553,0.487415302,0.493800668
Building_T2-100x50-S3-PS_Existing4,0.086369102,0.286781619,0.474815515,0.527942489,0.532302733
Building_T2-100x50-S3-PS_Existing5,0.105433983,0.265133578,0.479281518,0.546962568,0.550244194
Building_T2-100x50-S3-PS_Existing6,0.103173774,0.271170127,0.487712705,0.579801291,0.581390256
Building_T2-100x50-S3-PS_Existing7,0.067731584,0.184275292,0.279100259,0.296889331,0.296889331
Building_T2-100x50-S3-PS_Existing8,0.09187755,0.241111228,0.382797854,0.404097375,0.404126214
Building_T2-100x50-S3-PS_Existing9,0.105987302,0.296594416,0.516727872,0.60601768,0.618285661
Building_T2-100x50-S3-PS_Existing10,0.095264899,0.243253403,0.422595793,0.510487674,0.510487674
Building_T3-50x30-S2-GS_Existing1,0.284741933,0.779560641,1.293603456,1.630420849,1.69422352
Building_T3-50x30-S2-GS_Existing2,0.182390645,0.533826921,0.872899692,1.032426484,1.056076592
Building_T3-50x30-S2-GS_Existing3,0.326119245,0.862280335,1.399454902,1.762910067,1.813064917
Building_T3-50x30-S2-GS_Existing4,0.323405626,0.868471062,1.398720394,1.654986539,1.699437028
Building_T3-50x30-S2-GS_Existing5,0.175122613,0.512219655,0.802556834,0.872159331,0.887995258
Building_T3-50x30-S2-GS_Existing6,0.210144194,0.635052256,1.016382703,1.227244132,1.253614492
Building_T3-50x30-S2-GS_Existing7,0.314665138,0.87845173,1.433157417,1.741175926,1.787335229
Building_T3-50x30-S2-GS_Existing8,0.202382982,0.561844699,0.881412452,0.986988637,1.003547651
Building_T3-50x30-S2-GS_Existing9,0.341933166,0.89962127,1.419882279,1.809228255,1.845245521
Building_T3-50x30-S2-GS_Existing10,0.308507864,0.830963666,1.299096157,1.506444114,1.524410361
Building_T3-50x30-S3-GS_Existing1,0.141566679,0.429455283,0.678832557,0.762678187,0.762795315
Building_T3-50x30-S3-GS_Existing2,0.141305393,0.435303144,0.676036384,0.744324057,0.752302261
Building_T3-50x30-S3-GS_Existing3,0.148544775,0.483727003,0.710348154,0.783963424,0.784092627
Building_T3-50x30-S3-GS_Existing4,0.180100754,0.535008687,0.829520934,0.941778031,0.947879468
Building_T3-50x30-S3-GS_Existing5,0.201279749,0.565511993,0.898460311,0.99998968,1.006305098
Building_T3-50x30-S3-GS_Existing6,0.111055349,0.280020847,0.452136204,0.520717759,0.530900226
Building_T3-50x30-S3-GS_Existing7,0.143469285,0.441211034,0.658758679,0.736561535,0.7392486
Building_T3-50x30-S3-GS_Existing8,0.189130487,0.546886634,0.832064811,0.94085339,0.947669606
Building_T3-50x30-S3-GS_Existing9,0.111722661,0.299397989,0.464833444,0.541494651,0.553964854
Building_T3-50x30-S3-GS_Existing10,0.119298428,0.41450637,0.681285603,0.782368804,0.795216405
Building_T3-80x30-S2-GS_Existing1,0.174086057,0.521622702,0.818815343,0.962485639,0.966237495
Building_T3-80x30-S2-GS_Existing2,0.239825818,0.689005947,1.031173171,1.105370428,1.112156562
Building_T3-80x30-S2-GS_Existing3,0.26441776,0.768276645,1.211849026,1.383170881,1.405079642
Building_T3-80x30-S2-GS_Existing4,0.26375635,0.777555267,1.247661418,1.528244788,1.539256529
Building_T3-80x30-S2-GS_Existing5,0.174173493,0.522448822,0.802148041,0.858005136,0.863068917
Building_T3-80x30-S2-GS_Existing6,0.237369071,0.708444587,1.121339437,1.2836222,1.295319971
Building_T3-80x30-S2-GS_Existing7,0.350140146,0.898348833,1.291661141,1.422424047,1.442304883
Building_T3-80x30-S2-GS_Existing8,0.193238991,0.552219574,0.847965289,0.917496258,0.928374936
Building_T3-80x30-S2-GS_Existing9,0.24304589,0.70662065,1.080223538,1.231883367,1.256393938
Building_T3-80x30-S2-GS_Existing10,0.195080023,0.604933389,0.982578883,1.17002459,1.183554975
Building_T3-80x30-S3-GS_Existing1,0.147325038,0.457780173,0.672030065,0.733998512,0.735934364
Building_T3-80x30-S3-GS_Existing2,0.145161547,0.482727018,0.773664535,0.895622863,0.902798464
Building_T3-80x30-S3-GS_Existing3,0.234377702,0.656525219,0.976835083,1.02444571,1.026314065
Building_T3-80x30-S3-GS_Existing4,0.157938459,0.493473178,0.793956202,0.905014666,0.923717079
Building_T3-80x30-S3-GS_Existing5,0.120813642,0.35806862,0.527363649,0.554490465,0.554490465
Building_T3-80x30-S3-GS_Existing6,0.161318937,0.504951857,0.708516971,0.752402436,0.753806608
Building_T3-80x30-S3-GS_Existing7,0.183746348,0.531534217,0.741088518,0.760487044,0.763835419
Building_T3-80x30-S3-GS_Existing8,0.20175048,0.590984459,0.924377595,1.056324373,1.060356846
Building_T3-80x30-S3-GS_Existing9,0.115138386,0.326305484,0.513313392,0.562712493,0.56586883
Building_T3-80x30-S3-GS_Existing10,0.124404308,0.430747929,0.670426637,0.750404231,0.756820624
Building_T3-50x30-S2-PS_Existing1,0.194222778,0.585228214,1.016290665,1.330264861,1.450595645
Building_T3-50x30-S2-PS_Existing2,0.144825,0.479541945,0.796409136,1.029336479,1.094601615
Building_T3-50x30-S2-PS_Existing3,0.144915525,0.455853213,0.747873166,0.930712198,0.964292458
Building_T3-50x30-S2-PS_Existing4,0.164853085,0.47680913,0.877027121,1.171762162,1.329197664
Building_T3-50x30-S2-PS_Existing5,0.131474462,0.335251396,0.564290275,0.717181366,0.756640315
Building_T3-50x30-S2-PS_Existing6,0.243280827,0.681893515,1.144939677,1.517924292,1.659572603
Building_T3-50x30-S2-PS_Existing7,0.17341418,0.501663556,0.919568268,1.216503002,1.353466138
Building_T3-50x30-S2-PS_Existing8,0.254711266,0.684361036,1.141978142,1.442611172,1.512839498
Building_T3-50x30-S2-PS_Existing9,0.137903424,0.445664184,0.745246353,0.95215481,0.999468817
Building_T3-50x30-S2-PS_Existing10,0.192045984,0.557667726,0.902937113,1.16063756,1.229411618
Building_T3-50x30-S3-PS_Existing1,0.13789157,0.427328185,0.77105545,1.018783808,1.107319006
Building_T3-50x30-S3-PS_Existing2,0.119540683,0.38115384,0.696453909,0.895679454,0.939994763
Building_T3-50x30-S3-PS_Existing3,0.138257152,0.456523091,0.760519776,0.941563063,0.995545721
Building_T3-50x30-S3-PS_Existing4,0.117213398,0.368882901,0.690837833,0.92079968,1.004267638
Building_T3-50x30-S3-PS_Existing5,0.152263824,0.449947519,0.737479867,0.883811447,0.902756271
Building_T3-50x30-S3-PS_Existing6,0.193191777,0.519488212,0.865706213,1.101853691,1.168787335
Building_T3-50x30-S3-PS_Existing7,0.129145191,0.412942472,0.611677423,0.750113066,0.766912591
Building_T3-50x30-S3-PS_Existing8,0.136093201,0.472972501,0.854062071,1.105200197,1.190868992
Building_T3-50x30-S3-PS_Existing9,0.163105532,0.50087687,0.824526027,1.035035654,1.08838995
Building_T3-50x30-S3-PS_Existing10,0.115445454,0.302491235,0.492996487,0.590851128,0.608077754
Building_T3-80x30-S2-PS_Existing1,0.149822503,0.469298099,0.828151179,1.162949721,1.313930205
Building_T3-80x30-S2-PS_Existing2,0.130360302,0.359525724,0.582733154,0.726791938,0.747478584
Building_T3-80x30-S2-PS_Existing3,0.13189935,0.445764767,0.754755085,0.988448624,1.047473982
Building_T3-80x30-S2-PS_Existing4,0.13319339,0.445958238,0.780747845,1.096392033,1.241733992
Building_T3-80x30-S2-PS_Existing5,0.132527421,0.416569356,0.716809765,0.964484072,1.032345351
Building_T3-80x30-S2-PS_Existing6,0.154062511,0.500685149,0.867544878,1.225421394,1.409107755
Building_T3-80x30-S2-PS_Existing7,0.125801622,0.335476357,0.588748503,0.802852708,0.868755377
Building_T3-80x30-S2-PS_Existing8,0.155341637,0.494736398,0.904574553,1.279028607,1.501724542
Building_T3-80x30-S2-PS_Existing9,0.120003252,0.398600138,0.736747655,1.026934426,1.164305724
Building_T3-80x30-S2-PS_Existing10,0.138539517,0.363833718,0.655436786,0.900503233,0.989719113
Building_T3-80x30-S3-PS_Existing1,0.080748954,0.221806795,0.380793041,0.458650668,0.477914775
Building_T3-80x30-S3-PS_Existing2,0.13834014,0.42769921,0.74331342,0.968927278,1.060280667
Building_T3-80x30-S3-PS_Existing3,0.159332207,0.497672857,0.783755448,1.009974716,1.0659709
Building_T3-80x30-S3-PS_Existing4,0.123015546,0.395594042,0.698133512,0.943861754,1.065415787
Building_T3-80x30-S3-PS_Existing5,0.128349391,0.401958948,0.659358334,0.844501762,0.919824842
Building_T3-80x30-S3-PS_Existing6,0.108350674,0.280123395,0.477784886,0.600435241,0.638133362
Building_T3-80x30-S3-PS_Existing7,0.078416111,0.266900813,0.472381152,0.556880315,0.577707814
Building_T3-80x30-S3-PS_Existing8,0.122758586,0.352608379,0.607190376,0.827561546,0.877957732
Building_T3-80x30-S3-PS_Existing9,0.119057099,0.350145356,0.577232334,0.734036998,0.791760318
Building_T3-80x30-S3-PS_Existing10,0.115482689,0.322025569,0.525851226,0.647993176,0.697428285
Building_T4-60x50-S2-GS_Existing1,0.355100286,0.893340865,1.309454695,1.39707736,1.397652497
Building_T4-60x50-S2-GS_Existing2,0.285400783,0.764805823,1.123700662,1.173521007,1.178938214
Building_T4-60x50-S2-GS_Existing3,0.346409921,0.879501068,1.25488334,1.321872987,1.324607991
Building_T4-60x50-S2-GS_Existing4,0.408476236,0.952101385,1.359066214,1.440914537,1.450489951
Building_T4-60x50-S2-GS_Existing5,0.182979883,0.531463944,0.793049874,0.853985362,0.862199149
Building_T4-60x50-S2-GS_Existing6,0.260794116,0.715322885,1.08543978,1.175441374,1.185595665
Building_T4-60x50-S2-GS_Existing7,0.249270168,0.661472669,1.054232419,1.142846088,1.143192518
Building_T4-60x50-S2-GS_Existing8,0.282009959,0.752097992,1.178690172,1.3008348,1.303403917
Building_T4-60x50-S2-GS_Existing9,0.253782709,0.676193899,1.062139964,1.142857787,1.148935482
Building_T4-60x50-S2-GS_Existing10,0.418429811,0.97307627,1.346061396,1.403309058,1.416460447
Building_T4-60x50-S3-GS_Existing1,0.19564206,0.559665018,0.84969335,0.904103279,0.908827297
Building_T4-60x50-S3-GS_Existing2,0.188970609,0.548372936,0.79811146,0.85955478,0.863738056
Building_T4-60x50-S3-GS_Existing3,0.153046685,0.388941957,0.483819484,0.491464669,0.491495026
Building_T4-60x50-S3-GS_Existing4,0.1561661,0.462661463,0.705281368,0.748221341,0.748203441
Building_T4-60x50-S3-GS_Existing5,0.190517934,0.504374229,0.674950139,0.693390962,0.693363281
Building_T4-60x50-S3-GS_Existing6,0.135963177,0.388401502,0.554371256,0.564443381,0.564443381
Building_T4-60x50-S3-GS_Existing7,0.212132828,0.63716284,0.933212459,1.024971464,1.037564131
Building_T4-60x50-S3-GS_Existing8,0.255359856,0.668175585,0.913861634,0.949474767,0.95120615
Building_T4-60x50-S3-GS_Existing9,0.122498065,0.378078367,0.550950374,0.599063502,0.599066684
Building_T4-60x50-S3-GS_Existing10,0.272779566,0.712345753,0.936667134,0.955171041,0.955352101
Building_T4-100x50-S2-GS_Existing1,0.298623026,0.738059944,1.074016543,1.121315259,1.122125685
Building_T4-100x50-S2-GS_Existing2,0.192452526,0.542124015,0.794329715,0.828740167,0.828775598
Building_T4-100x50-S2-GS_Existing3,0.138133407,0.454744313,0.691866541,0.726872225,0.72688032
Building_T4-100x50-S2-GS_Existing4,0.283011648,0.798568517,1.184453303,1.285342796,1.287720989
Building_T4-100x50-S2-GS_Existing5,0.182172496,0.513141554,0.850632954,0.957326893,0.963003015
Building_T4-100x50-S2-GS_Existing6,0.371253948,0.887831585,1.312347318,1.398987121,1.401703762
Building_T4-100x50-S2-GS_Existing7,0.165715209,0.500315359,0.797081745,0.857597781,0.857643422
Building_T4-100x50-S2-GS_Existing8,0.297819923,0.804404619,1.280361459,1.409455746,1.409660468
Building_T4-100x50-S2-GS_Existing9,0.279889526,0.780220564,1.257901472,1.405635281,1.412543488
Building_T4-100x50-S2-GS_Existing10,0.147523057,0.475458053,0.706664963,0.767668544,0.767721566
Building_T4-100x50-S3-GS_Existing1,0.205619742,0.589361461,0.819907424,0.865027877,0.865017134
Building_T4-100x50-S3-GS_Existing2,0.209313823,0.61686091,0.936991145,1.046761047,1.047954505
Building_T4-100x50-S3-GS_Existing3,0.178575674,0.537697095,0.796080104,0.857771751,0.858571668
Building_T4-100x50-S3-GS_Existing4,0.16157892,0.474441233,0.707032393,0.780237713,0.780257019
Building_T4-100x50-S3-GS_Existing5,0.195057732,0.573396526,0.82086706,0.887977773,0.893520712
Building_T4-100x50-S3-GS_Existing6,0.140581938,0.419588686,0.605250292,0.647684335,0.647644687
Building_T4-100x50-S3-GS_Existing7,0.20605413,0.580168462,0.831668736,0.866990806,0.867421844
Building_T4-100x50-S3-GS_Existing8,0.194336331,0.592303664,0.894986011,0.985665529,0.985814796
Building_T4-100x50-S3-GS_Existing9,0.131944685,0.360431373,0.506248872,0.526571402,0.526553781
Building_T4-100x50-S3-GS_Existing10,0.130935451,0.370614881,0.505722351,0.510997921,0.510980011
Building_T4-60x50-S2-PS_Existing1,0.261414246,0.698755704,1.159240152,1.621657266,1.8941668
Building_T4-60x50-S2-PS_Existing2,0.249960409,0.657574331,1.071410214,1.512904669,1.653627991
Building_T4-60x50-S2-PS_Existing3,0.30209163,0.765070944,1.209813334,1.642225217,1.728721315
Building_T4-60x50-S2-PS_Existing4,0.174037627,0.496203663,0.826179703,1.106457935,1.173594188
Building_T4-60x50-S2-PS_Existing5,0.135226004,0.425425634,0.689555226,0.88311806,0.92707243
Building_T4-60x50-S2-PS_Existing6,0.20945017,0.584299847,0.945106457,1.237551581,1.265081949
Building_T4-60x50-S2-PS_Existing7,0.272316646,0.723647993,1.164181962,1.553193295,1.601995429
Building_T4-60x50-S2-PS_Existing8,0.264539415,0.710798226,1.169471202,1.617952945,1.765650661
Building_T4-60x50-S2-PS_Existing9,0.169644056,0.477803943,0.805376913,1.016409912,1.056034661
Building_T4-60x50-S2-PS_Existing10,0.174037627,0.493549919,0.844445421,1.198054364,1.305486771
Building_T4-60x50-S3-PS_Existing1,0.162285786,0.464733255,0.742362108,0.945836871,0.969130384
Building_T4-60x50-S3-PS_Existing2,0.148626175,0.417638536,0.673374255,0.864476027,0.919871857
Building_T4-60x50-S3-PS_Existing3,0.113520511,0.302624584,0.47476309,0.509609075,0.509609075
Building_T4-60x50-S3-PS_Existing4,0.157305589,0.472730308,0.782574538,1.041317122,1.168470008
Building_T4-60x50-S3-PS_Existing5,0.128061165,0.389984176,0.565280803,0.686128321,0.695671776
Building_T4-60x50-S3-PS_Existing6,0.092606147,0.269177648,0.428724678,0.478604843,0.483471092
Building_T4-60x50-S3-PS_Existing7,0.114940575,0.306367656,0.546606974,0.616403078,0.621848839
Building_T4-60x50-S3-PS_Existing8,0.179691479,0.547736545,0.857588076,1.162252837,1.219799014
Building_T4-60x50-S3-PS_Existing9,0.122427854,0.332505999,0.564583798,0.662524474,0.66849625
Building_T4-60x50-S3-PS_Existing10,0.141596844,0.41560927,0.666739331,0.922089905,0.972993655
Building_T4-100x50-S2-PS_Existing1,0.130848597,0.350481055,0.577940119,0.705095371,0.730856956
Building_T4-100x50-S2-PS_Existing2,0.185130733,0.544990735,0.892537807,1.211672198,1.281530037
Building_T4-100x50-S2-PS_Existing3,0.192680624,0.562232844,0.939191425,1.291373925,1.398392822
Building_T4-100x50-S2-PS_Existing4,0.139749315,0.440984209,0.699178764,0.917477202,0.93423071
Building_T4-100x50-S2-PS_Existing5,0.138327794,0.452989835,0.763101585,1.005856388,1.070509308
Building_T4-100x50-S2-PS_Existing6,0.119168851,0.373029122,0.620488946,0.792488435,0.812849513
Building_T4-100x50-S2-PS_Existing7,0.140339653,0.447716844,0.70788661,0.917632509,0.935858461
Building_T4-100x50-S2-PS_Existing8,0.167579615,0.489014355,0.808234107,1.081524885,1.157443479
Building_T4-100x50-S2-PS_Existing9,0.136421424,0.411384334,0.659762088,0.880486711,0.916049308
Building_T4-100x50-S2-PS_Existing10,0.194335001,0.540898904,0.91481429,1.191746376,1.244841124
Building_T4-100x50-S3-PS_Existing1,0.159560749,0.456427954,0.686184772,0.878263578,0.884599645
Building_T4-100x50-S3-PS_Existing2,0.122313636,0.371280009,0.574984785,0.705613643,0.719248391
Building_T4-100x50-S3-PS_Existing3,0.174037834,0.49761696,0.776462361,0.97440637,0.991253848
Building_T4-100x50-S3-PS_Existing4,0.086114482,0.267815533,0.446060414,0.537575165,0.543721618
Building_T4-100x50-S3-PS_Existing5,0.144478441,0.42878923,0.666419403,0.856775062,0.879248215
Building_T4-100x50-S3-PS_Existing6,0.155280366,0.460047536,0.743353323,1.020624446,1.080332491
Building_T4-100x50-S3-PS_Existing7,0.112234533,0.343649314,0.546876036,0.72684175,0.766814869
Building_T4-100x50-S3-PS_Existing8,0.09004981,0.234713915,0.377358479,0.434687174,0.440206982
Building_T4-100x50-S3-PS_Existing9,0.13367309,0.394711468,0.633697739,0.837546874,0.866180361
Building_T4-100x50-S3-PS_Existing10,0.110360837,0.352373852,0.543612096,0.723064471,0.731909042
