,X Diff,Z Diff
0,52.9565446,30.053601300000004
1,52.9565446,30.053601300000004
2,52.9565446,30.053601300000004
3,52.9565446,30.053601300000004
4,52.9565446,30.053601300000004
5,52.9565446,30.053601300000004
6,52.9565446,30.053601300000004
7,52.9565446,30.053601300000004
8,52.9565446,30.053601300000004
9,52.9565446,30.053601300000004
10,52.9565446,30.053601300000004
11,52.9565446,30.053601300000004
12,52.9565446,30.053601300000004
13,52.9565446,30.053601300000004
14,52.9565446,30.053601300000004
15,52.9565446,30.053601300000004
16,52.9565446,30.053601300000004
17,52.9565446,30.053601300000004
18,52.9565446,30.053601300000004
19,52.9565446,30.053601300000004
20,52.9565446,30.053601300000004
21,52.9565446,30.053601300000004
22,52.9565446,30.053601300000004
23,52.9565446,30.053601300000004
24,52.9565446,30.053601300000004
25,52.9565446,30.053601300000004
26,52.9565446,30.053601300000004
27,52.9565446,30.053601300000004
28,52.9565446,30.053601300000004
29,52.9565446,30.053601300000004
30,52.9565446,30.053601300000004
31,52.9565446,30.053601300000004
32,52.9565446,30.053601300000004
33,52.9565446,30.053601300000004
34,52.9565446,30.053601300000004
35,52.9565446,30.053601300000004
36,52.9565446,30.053601300000004
37,52.9565446,30.053601300000004
38,52.9565446,30.053601300000004
39,52.9565446,30.053601300000004
40,52.9565446,30.053601300000004
41,52.9565446,30.053601300000004
42,52.9565446,30.053601300000004
43,52.9565446,30.053601300000004
44,52.9565446,30.053601300000004
45,52.9565446,30.053601300000004
46,52.9565446,30.053601300000004
47,52.9565446,30.053601300000004
48,52.9565446,30.053601300000004
49,52.9565446,30.053601300000004
50,52.470068000000005,29.552398699999998
51,52.470068000000005,29.552398699999998
52,52.470068000000005,29.552398699999998
53,52.470068000000005,29.552398699999998
54,52.470068000000005,29.552398699999998
55,52.470068000000005,29.552398699999998
56,52.470068000000005,29.552398699999998
57,52.470068000000005,29.552398699999998
58,52.470068000000005,29.552398699999998
59,52.470068000000005,29.552398699999998
60,52.470068000000005,29.552398699999998
61,52.470068000000005,29.552398699999998
62,52.470068000000005,29.552398699999998
63,52.470068000000005,29.552398699999998
64,52.470068000000005,29.552398699999998
65,52.470068000000005,29.552398699999998
66,52.470068000000005,29.552398699999998
67,52.470068000000005,29.552398699999998
68,52.470068000000005,29.552398699999998
69,52.470068000000005,29.552398699999998
70,52.470068000000005,29.552398699999998
71,52.470068000000005,29.552398699999998
72,52.470068000000005,29.552398699999998
73,52.470068000000005,29.552398699999998
74,52.470068000000005,29.552398699999998
75,52.470068000000005,29.552398699999998
76,52.470068000000005,29.552398699999998
77,52.470068000000005,29.552398699999998
78,52.470068000000005,29.552398699999998
79,52.470068000000005,29.552398699999998
80,52.470068000000005,29.552398699999998
81,52.470068000000005,29.552398699999998
82,52.470068000000005,29.552398699999998
83,52.470068000000005,29.552398699999998
84,52.470068000000005,29.552398699999998
85,52.470068000000005,29.552398699999998
86,52.470068000000005,29.552398699999998
87,52.470068000000005,29.552398699999998
88,52.470068000000005,29.552398699999998
89,52.470068000000005,29.552398699999998
90,52.470068000000005,29.552398699999998
91,52.470068000000005,29.552398699999998
92,52.470068000000005,29.552398699999998
93,52.470068000000005,29.552398699999998
94,52.470068000000005,29.552398699999998
95,52.470068000000005,29.552398699999998
96,52.470068000000005,29.552398699999998
97,52.470068000000005,29.552398699999998
98,52.470068000000005,29.552398699999998
99,52.470068000000005,29.552398699999998
100,67.559162,23.169066600000004
101,67.559162,23.169066600000004
102,67.559162,23.169066600000004
103,67.559162,23.169066600000004
104,67.559162,23.169066600000004
105,67.559162,23.169066600000004
106,67.559162,23.169066600000004
107,67.559162,23.169066600000004
108,67.559162,23.169066600000004
109,67.559162,23.169066600000004
110,67.559162,23.169066600000004
111,67.559162,23.169066600000004
112,67.559162,23.169066600000004
113,67.559162,23.169066600000004
114,67.559162,23.169066600000004
115,67.559162,23.169066600000004
116,67.559162,23.169066600000004
117,67.559162,23.169066600000004
118,67.559162,23.169066600000004
119,67.559162,23.169066600000004
120,67.559162,23.169066600000004
121,67.559162,23.169066600000004
122,67.559162,23.169066600000004
123,67.559162,23.169066600000004
124,67.559162,23.169066600000004
125,67.559162,23.169066600000004
126,67.559162,23.169066600000004
127,67.559162,23.169066600000004
128,67.559162,23.169066600000004
129,67.559162,23.169066600000004
130,67.559162,23.169066600000004
131,67.559162,23.169066600000004
132,67.559162,23.169066600000004
133,67.559162,23.169066600000004
134,67.559162,23.169066600000004
135,67.559162,23.169066600000004
136,67.559162,23.169066600000004
137,67.559162,23.169066600000004
138,67.559162,23.169066600000004
139,67.559162,23.169066600000004
140,67.559162,23.169066600000004
141,67.559162,23.169066600000004
142,67.559162,23.169066600000004
143,67.559162,23.169066600000004
144,67.559162,23.169066600000004
145,67.559162,23.169066600000004
146,67.559162,23.169066600000004
147,67.559162,23.169066600000004
148,67.559162,23.169066600000004
149,67.559162,23.169066600000004
150,66.846046,23.2913522
151,66.846046,23.2913522
152,66.846046,23.2913522
153,66.846046,23.2913522
154,66.846046,23.2913522
155,66.846046,23.2913522
156,66.846046,23.2913522
157,66.846046,23.2913522
158,66.846046,23.2913522
159,66.846046,23.2913522
160,66.846046,23.2913522
161,66.846046,23.2913522
162,66.846046,23.2913522
163,66.846046,23.2913522
164,66.846046,23.2913522
165,66.846046,23.2913522
166,66.846046,23.2913522
167,66.846046,23.2913522
168,66.846046,23.2913522
169,66.846046,23.2913522
170,66.846046,23.2913522
171,66.846046,23.2913522
172,66.846046,23.2913522
173,66.846046,23.2913522
174,66.846046,23.2913522
175,66.846046,23.2913522
176,66.846046,23.2913522
177,66.846046,23.2913522
178,66.846046,23.2913522
179,66.846046,23.2913522
180,66.846046,23.2913522
181,66.846046,23.2913522
182,66.846046,23.2913522
183,66.846046,23.2913522
184,66.846046,23.2913522
185,66.846046,23.2913522
186,66.846046,23.2913522
187,66.846046,23.2913522
188,66.846046,23.2913522
189,66.846046,23.2913522
190,66.846046,23.2913522
191,66.846046,23.2913522
192,66.846046,23.2913522
193,66.846046,23.2913522
194,66.846046,23.2913522
195,66.846046,23.2913522
196,66.846046,23.2913522
197,66.846046,23.2913522
198,66.846046,23.2913522
199,66.846046,23.2913522
200,32.4440582,7.9215906
201,32.4440582,7.9215906
202,32.4440582,7.9215906
203,32.4440582,7.9215906
204,32.4440582,7.9215906
205,32.4440582,7.9215906
206,32.4440582,7.9215906
207,32.4440582,7.9215906
208,32.4440582,7.9215906
209,32.4440582,7.9215906
210,32.4440582,7.9215906
211,32.4440582,7.9215906
212,32.4440582,7.9215906
213,32.4440582,7.9215906
214,32.4440582,7.9215906
215,32.4440582,7.9215906
216,32.4440582,7.9215906
217,32.4440582,7.9215906
218,32.4440582,7.9215906
219,32.4440582,7.9215906
220,32.4440582,7.9215906
221,32.4440582,7.9215906
222,32.4440582,7.9215906
223,32.4440582,7.9215906
224,32.4440582,7.9215906
225,32.4440582,7.9215906
226,32.4440582,7.9215906
227,32.4440582,7.9215906
228,32.4440582,7.9215906
229,32.4440582,7.9215906
230,32.4440582,7.9215906
231,32.4440582,7.9215906
232,32.4440582,7.9215906
233,32.4440582,7.9215906
234,32.4440582,7.9215906
235,32.4440582,7.9215906
236,32.4440582,7.9215906
237,32.4440582,7.9215906
238,32.4440582,7.9215906
239,32.4440582,7.9215906
240,32.4440582,7.9215906
241,32.4440582,7.9215906
242,32.4440582,7.9215906
243,32.4440582,7.9215906
244,32.4440582,7.9215906
245,32.4440582,7.9215906
246,32.4440582,7.9215906
247,32.4440582,7.9215906
248,32.4440582,7.9215906
249,32.4440582,7.9215906
250,31.9583982,7.438195599999999
251,31.9583982,7.438195599999999
252,31.9583982,7.438195599999999
253,31.9583982,7.438195599999999
254,31.9583982,7.438195599999999
255,31.9583982,7.438195599999999
256,31.9583982,7.438195599999999
257,31.9583982,7.438195599999999
258,31.9583982,7.438195599999999
259,31.9583982,7.438195599999999
260,31.9583982,7.438195599999999
261,31.9583982,7.438195599999999
262,31.9583982,7.438195599999999
263,31.9583982,7.438195599999999
264,31.9583982,7.438195599999999
265,31.9583982,7.438195599999999
266,31.9583982,7.438195599999999
267,31.9583982,7.438195599999999
268,31.9583982,7.438195599999999
269,31.9583982,7.438195599999999
270,31.9583982,7.438195599999999
271,31.9583982,7.438195599999999
272,31.9583982,7.438195599999999
273,31.9583982,7.438195599999999
274,31.9583982,7.438195599999999
275,31.9583982,7.438195599999999
276,31.9583982,7.438195599999999
277,31.9583982,7.438195599999999
278,31.9583982,7.438195599999999
279,31.9583982,7.438195599999999
280,31.9583982,7.438195599999999
281,31.9583982,7.438195599999999
282,31.9583982,7.438195599999999
283,31.9583982,7.438195599999999
284,31.9583982,7.438195599999999
285,31.9583982,7.438195599999999
286,31.9583982,7.438195599999999
287,31.9583982,7.438195599999999
288,31.9583982,7.438195599999999
289,31.9583982,7.438195599999999
290,31.9583982,7.438195599999999
291,31.9583982,7.438195599999999
292,31.9583982,7.438195599999999
293,31.9583982,7.438195599999999
294,31.9583982,7.438195599999999
295,31.9583982,7.438195599999999
296,31.9583982,7.438195599999999
297,31.9583982,7.438195599999999
298,31.9583982,7.438195599999999
299,31.9583982,7.438195599999999
300,37.34747120000001,4.2190582
301,37.34747120000001,4.2190582
302,37.34747120000001,4.2190582
303,37.34747120000001,4.2190582
304,37.34747120000001,4.2190582
305,37.34747120000001,4.2190582
306,37.34747120000001,4.2190582
307,37.34747120000001,4.2190582
308,37.34747120000001,4.2190582
309,37.34747120000001,4.2190582
310,37.34747120000001,4.2190582
311,37.34747120000001,4.2190582
312,37.34747120000001,4.2190582
313,37.34747120000001,4.2190582
314,37.34747120000001,4.2190582
315,37.34747120000001,4.2190582
316,37.34747120000001,4.2190582
317,37.34747120000001,4.2190582
318,37.34747120000001,4.2190582
319,37.34747120000001,4.2190582
320,37.34747120000001,4.2190582
321,37.34747120000001,4.2190582
322,37.34747120000001,4.2190582
323,37.34747120000001,4.2190582
324,37.34747120000001,4.2190582
325,37.34747120000001,4.2190582
326,37.34747120000001,4.2190582
327,37.34747120000001,4.2190582
328,37.34747120000001,4.2190582
329,37.34747120000001,4.2190582
330,37.34747120000001,4.2190582
331,37.34747120000001,4.2190582
332,37.34747120000001,4.2190582
333,37.34747120000001,4.2190582
334,37.34747120000001,4.2190582
335,37.34747120000001,4.2190582
336,37.34747120000001,4.2190582
337,37.34747120000001,4.2190582
338,37.34747120000001,4.2190582
339,37.34747120000001,4.2190582
340,37.34747120000001,4.2190582
341,37.34747120000001,4.2190582
342,37.34747120000001,4.2190582
343,37.34747120000001,4.2190582
344,37.34747120000001,4.2190582
345,37.34747120000001,4.2190582
346,37.34747120000001,4.2190582
347,37.34747120000001,4.2190582
348,37.34747120000001,4.2190582
349,37.34747120000001,4.2190582
350,36.638071000000004,3.51061
351,36.638071000000004,3.51061
352,36.638071000000004,3.51061
353,36.638071000000004,3.51061
354,36.638071000000004,3.51061
355,36.638071000000004,3.51061
356,36.638071000000004,3.51061
357,36.638071000000004,3.51061
358,36.638071000000004,3.51061
359,36.638071000000004,3.51061
360,36.638071000000004,3.51061
361,36.638071000000004,3.51061
362,36.638071000000004,3.51061
363,36.638071000000004,3.51061
364,36.638071000000004,3.51061
365,36.638071000000004,3.51061
366,36.638071000000004,3.51061
367,36.638071000000004,3.51061
368,36.638071000000004,3.51061
369,36.638071000000004,3.51061
370,36.638071000000004,3.51061
371,36.638071000000004,3.51061
372,36.638071000000004,3.51061
373,36.638071000000004,3.51061
374,36.638071000000004,3.51061
375,36.638071000000004,3.51061
376,36.638071000000004,3.51061
377,36.638071000000004,3.51061
378,36.638071000000004,3.51061
379,36.638071000000004,3.51061
380,36.638071000000004,3.51061
381,36.638071000000004,3.51061
382,36.638071000000004,3.51061
383,36.638071000000004,3.51061
384,36.638071000000004,3.51061
385,36.638071000000004,3.51061
386,36.638071000000004,3.51061
387,36.638071000000004,3.51061
388,36.638071000000004,3.51061
389,36.638071000000004,3.51061
390,36.638071000000004,3.51061
391,36.638071000000004,3.51061
392,36.638071000000004,3.51061
393,36.638071000000004,3.51061
394,36.638071000000004,3.51061
395,36.638071000000004,3.51061
396,36.638071000000004,3.51061
397,36.638071000000004,3.51061
398,36.638071000000004,3.51061
399,36.638071000000004,3.51061
400,4.9877456,65.5285856
401,4.9877456,65.5285856
402,4.9877456,65.5285856
403,4.9877456,65.5285856
404,4.9877456,65.5285856
405,4.9877456,65.5285856
406,4.9877456,65.5285856
407,4.9877456,65.5285856
408,4.9877456,65.5285856
409,4.9877456,65.5285856
410,4.9877456,65.5285856
411,4.9877456,65.5285856
412,4.9877456,65.5285856
413,4.9877456,65.5285856
414,4.9877456,65.5285856
415,4.9877456,65.5285856
416,4.9877456,65.5285856
417,4.9877456,65.5285856
418,4.9877456,65.5285856
419,4.9877456,65.5285856
420,4.9877456,65.5285856
421,4.9877456,65.5285856
422,4.9877456,65.5285856
423,4.9877456,65.5285856
424,4.9877456,65.5285856
425,4.9877456,65.5285856
426,4.9877456,65.5285856
427,4.9877456,65.5285856
428,4.9877456,65.5285856
429,4.9877456,65.5285856
430,4.9877456,65.5285856
431,4.9877456,65.5285856
432,4.9877456,65.5285856
433,4.9877456,65.5285856
434,4.9877456,65.5285856
435,4.9877456,65.5285856
436,4.9877456,65.5285856
437,4.9877456,65.5285856
438,4.9877456,65.5285856
439,4.9877456,65.5285856
440,4.9877456,65.5285856
441,4.9877456,65.5285856
442,4.9877456,65.5285856
443,4.9877456,65.5285856
444,4.9877456,65.5285856
445,4.9877456,65.5285856
446,4.9877456,65.5285856
447,4.9877456,65.5285856
448,4.9877456,65.5285856
449,4.9877456,65.5285856
450,4.278564,64.819446
451,4.278564,64.819446
452,4.278564,64.819446
453,4.278564,64.819446
454,4.278564,64.819446
455,4.278564,64.819446
456,4.278564,64.819446
457,4.278564,64.819446
458,4.278564,64.819446
459,4.278564,64.819446
460,4.278564,64.819446
461,4.278564,64.819446
462,4.278564,64.819446
463,4.278564,64.819446
464,4.278564,64.819446
465,4.278564,64.819446
466,4.278564,64.819446
467,4.278564,64.819446
468,4.278564,64.819446
469,4.278564,64.819446
470,4.278564,64.819446
471,4.278564,64.819446
472,4.278564,64.819446
473,4.278564,64.819446
474,4.278564,64.819446
475,4.278564,64.819446
476,4.278564,64.819446
477,4.278564,64.819446
478,4.278564,64.819446
479,4.278564,64.819446
480,4.278564,64.819446
481,4.278564,64.819446
482,4.278564,64.819446
483,4.278564,64.819446
484,4.278564,64.819446
485,4.278564,64.819446
486,4.278564,64.819446
487,4.278564,64.819446
488,4.278564,64.819446
489,4.278564,64.819446
490,4.278564,64.819446
491,4.278564,64.819446
492,4.278564,64.819446
493,4.278564,64.819446
494,4.278564,64.819446
495,4.278564,64.819446
496,4.278564,64.819446
497,4.278564,64.819446
498,4.278564,64.819446
499,4.278564,64.819446
500,5.427398999999999,65.85153199999999
501,5.427398999999999,65.85153199999999
502,5.427398999999999,65.85153199999999
503,5.427398999999999,65.85153199999999
504,5.427398999999999,65.85153199999999
505,5.427398999999999,65.85153199999999
506,5.427398999999999,65.85153199999999
507,5.427398999999999,65.85153199999999
508,5.427398999999999,65.85153199999999
509,5.427398999999999,65.85153199999999
510,5.427398999999999,65.85153199999999
511,5.427398999999999,65.85153199999999
512,5.427398999999999,65.85153199999999
513,5.427398999999999,65.85153199999999
514,5.427398999999999,65.85153199999999
515,5.427398999999999,65.85153199999999
516,5.427398999999999,65.85153199999999
517,5.427398999999999,65.85153199999999
518,5.427398999999999,65.85153199999999
519,5.427398999999999,65.85153199999999
520,5.427398999999999,65.85153199999999
521,5.427398999999999,65.85153199999999
522,5.427398999999999,65.85153199999999
523,5.427398999999999,65.85153199999999
524,5.427398999999999,65.85153199999999
525,5.427398999999999,65.85153199999999
526,5.427398999999999,65.85153199999999
527,5.427398999999999,65.85153199999999
528,5.427398999999999,65.85153199999999
529,5.427398999999999,65.85153199999999
530,5.427398999999999,65.85153199999999
531,5.427398999999999,65.85153199999999
532,5.427398999999999,65.85153199999999
533,5.427398999999999,65.85153199999999
534,5.427398999999999,65.85153199999999
535,5.427398999999999,65.85153199999999
536,5.427398999999999,65.85153199999999
537,5.427398999999999,65.85153199999999
538,5.427398999999999,65.85153199999999
539,5.427398999999999,65.85153199999999
540,5.427398999999999,65.85153199999999
541,5.427398999999999,65.85153199999999
542,5.427398999999999,65.85153199999999
543,5.427398999999999,65.85153199999999
544,5.427398999999999,65.85153199999999
545,5.427398999999999,65.85153199999999
546,5.427398999999999,65.85153199999999
547,5.427398999999999,65.85153199999999
548,5.427398999999999,65.85153199999999
549,5.427398999999999,65.85153199999999
550,4.410966,64.834115
551,4.410966,64.834115
552,4.410966,64.834115
553,4.410966,64.834115
554,4.410966,64.834115
555,4.410966,64.834115
556,4.410966,64.834115
557,4.410966,64.834115
558,4.410966,64.834115
559,4.410966,64.834115
560,4.410966,64.834115
561,4.410966,64.834115
562,4.410966,64.834115
563,4.410966,64.834115
564,4.410966,64.834115
565,4.410966,64.834115
566,4.410966,64.834115
567,4.410966,64.834115
568,4.410966,64.834115
569,4.410966,64.834115
570,4.410966,64.834115
571,4.410966,64.834115
572,4.410966,64.834115
573,4.410966,64.834115
574,4.410966,64.834115
575,4.410966,64.834115
576,4.410966,64.834115
577,4.410966,64.834115
578,4.410966,64.834115
579,4.410966,64.834115
580,4.410966,64.834115
581,4.410966,64.834115
582,4.410966,64.834115
583,4.410966,64.834115
584,4.410966,64.834115
585,4.410966,64.834115
586,4.410966,64.834115
587,4.410966,64.834115
588,4.410966,64.834115
589,4.410966,64.834115
590,4.410966,64.834115
591,4.410966,64.834115
592,4.410966,64.834115
593,4.410966,64.834115
594,4.410966,64.834115
595,4.410966,64.834115
596,4.410966,64.834115
597,4.410966,64.834115
598,4.410966,64.834115
599,4.410966,64.834115
600,2.1452406,38.4404154
601,2.1452406,38.4404154
602,2.1452406,38.4404154
603,2.1452406,38.4404154
604,2.1452406,38.4404154
605,2.1452406,38.4404154
606,2.1452406,38.4404154
607,2.1452406,38.4404154
608,2.1452406,38.4404154
609,2.1452406,38.4404154
610,2.1452406,38.4404154
611,2.1452406,38.4404154
612,2.1452406,38.4404154
613,2.1452406,38.4404154
614,2.1452406,38.4404154
615,2.1452406,38.4404154
616,2.1452406,38.4404154
617,2.1452406,38.4404154
618,2.1452406,38.4404154
619,2.1452406,38.4404154
620,2.1452406,38.4404154
621,2.1452406,38.4404154
622,2.1452406,38.4404154
623,2.1452406,38.4404154
624,2.1452406,38.4404154
625,2.1452406,38.4404154
626,2.1452406,38.4404154
627,2.1452406,38.4404154
628,2.1452406,38.4404154
629,2.1452406,38.4404154
630,2.1452406,38.4404154
631,2.1452406,38.4404154
632,2.1452406,38.4404154
633,2.1452406,38.4404154
634,2.1452406,38.4404154
635,2.1452406,38.4404154
636,2.1452406,38.4404154
637,2.1452406,38.4404154
638,2.1452406,38.4404154
639,2.1452406,38.4404154
640,2.1452406,38.4404154
641,2.1452406,38.4404154
642,2.1452406,38.4404154
643,2.1452406,38.4404154
644,2.1452406,38.4404154
645,2.1452406,38.4404154
646,2.1452406,38.4404154
647,2.1452406,38.4404154
648,2.1452406,38.4404154
649,2.1452406,38.4404154
650,1.4354719999999999,37.738454
651,1.4354719999999999,37.738454
652,1.4354719999999999,37.738454
653,1.4354719999999999,37.738454
654,1.4354719999999999,37.738454
655,1.4354719999999999,37.738454
656,1.4354719999999999,37.738454
657,1.4354719999999999,37.738454
658,1.4354719999999999,37.738454
659,1.4354719999999999,37.738454
660,1.4354719999999999,37.738454
661,1.4354719999999999,37.738454
662,1.4354719999999999,37.738454
663,1.4354719999999999,37.738454
664,1.4354719999999999,37.738454
665,1.4354719999999999,37.738454
666,1.4354719999999999,37.738454
667,1.4354719999999999,37.738454
668,1.4354719999999999,37.738454
669,1.4354719999999999,37.738454
670,1.4354719999999999,37.738454
671,1.4354719999999999,37.738454
672,1.4354719999999999,37.738454
673,1.4354719999999999,37.738454
674,1.4354719999999999,37.738454
675,1.4354719999999999,37.738454
676,1.4354719999999999,37.738454
677,1.4354719999999999,37.738454
678,1.4354719999999999,37.738454
679,1.4354719999999999,37.738454
680,1.4354719999999999,37.738454
681,1.4354719999999999,37.738454
682,1.4354719999999999,37.738454
683,1.4354719999999999,37.738454
684,1.4354719999999999,37.738454
685,1.4354719999999999,37.738454
686,1.4354719999999999,37.738454
687,1.4354719999999999,37.738454
688,1.4354719999999999,37.738454
689,1.4354719999999999,37.738454
690,1.4354719999999999,37.738454
691,1.4354719999999999,37.738454
692,1.4354719999999999,37.738454
693,1.4354719999999999,37.738454
694,1.4354719999999999,37.738454
695,1.4354719999999999,37.738454
696,1.4354719999999999,37.738454
697,1.4354719999999999,37.738454
698,1.4354719999999999,37.738454
699,1.4354719999999999,37.738454
700,2.38429,38.751281
701,2.38429,38.751281
702,2.38429,38.751281
703,2.38429,38.751281
704,2.38429,38.751281
705,2.38429,38.751281
706,2.38429,38.751281
707,2.38429,38.751281
708,2.38429,38.751281
709,2.38429,38.751281
710,2.38429,38.751281
711,2.38429,38.751281
712,2.38429,38.751281
713,2.38429,38.751281
714,2.38429,38.751281
715,2.38429,38.751281
716,2.38429,38.751281
717,2.38429,38.751281
718,2.38429,38.751281
719,2.38429,38.751281
720,2.38429,38.751281
721,2.38429,38.751281
722,2.38429,38.751281
723,2.38429,38.751281
724,2.38429,38.751281
725,2.38429,38.751281
726,2.38429,38.751281
727,2.38429,38.751281
728,2.38429,38.751281
729,2.38429,38.751281
730,2.38429,38.751281
731,2.38429,38.751281
732,2.38429,38.751281
733,2.38429,38.751281
734,2.38429,38.751281
735,2.38429,38.751281
736,2.38429,38.751281
737,2.38429,38.751281
738,2.38429,38.751281
739,2.38429,38.751281
740,2.38429,38.751281
741,2.38429,38.751281
742,2.38429,38.751281
743,2.38429,38.751281
744,2.38429,38.751281
745,2.38429,38.751281
746,2.38429,38.751281
747,2.38429,38.751281
748,2.38429,38.751281
749,2.38429,38.751281
750,1.3697469999999998,37.743296
751,1.3697469999999998,37.743296
752,1.3697469999999998,37.743296
753,1.3697469999999998,37.743296
754,1.3697469999999998,37.743296
755,1.3697469999999998,37.743296
756,1.3697469999999998,37.743296
757,1.3697469999999998,37.743296
758,1.3697469999999998,37.743296
759,1.3697469999999998,37.743296
760,1.3697469999999998,37.743296
761,1.3697469999999998,37.743296
762,1.3697469999999998,37.743296
763,1.3697469999999998,37.743296
764,1.3697469999999998,37.743296
765,1.3697469999999998,37.743296
766,1.3697469999999998,37.743296
767,1.3697469999999998,37.743296
768,1.3697469999999998,37.743296
769,1.3697469999999998,37.743296
770,1.3697469999999998,37.743296
771,1.3697469999999998,37.743296
772,1.3697469999999998,37.743296
773,1.3697469999999998,37.743296
774,1.3697469999999998,37.743296
775,1.3697469999999998,37.743296
776,1.3697469999999998,37.743296
777,1.3697469999999998,37.743296
778,1.3697469999999998,37.743296
779,1.3697469999999998,37.743296
780,1.3697469999999998,37.743296
781,1.3697469999999998,37.743296
782,1.3697469999999998,37.743296
783,1.3697469999999998,37.743296
784,1.3697469999999998,37.743296
785,1.3697469999999998,37.743296
786,1.3697469999999998,37.743296
787,1.3697469999999998,37.743296
788,1.3697469999999998,37.743296
789,1.3697469999999998,37.743296
790,1.3697469999999998,37.743296
791,1.3697469999999998,37.743296
792,1.3697469999999998,37.743296
793,1.3697469999999998,37.743296
794,1.3697469999999998,37.743296
795,1.3697469999999998,37.743296
796,1.3697469999999998,37.743296
797,1.3697469999999998,37.743296
798,1.3697469999999998,37.743296
799,1.3697469999999998,37.743296
800,6.4384492,19.4241745
801,6.4384492,19.4241745
802,6.4384492,19.4241745
803,6.4384492,19.4241745
804,6.4384492,19.4241745
805,6.4384492,19.4241745
806,6.4384492,19.4241745
807,6.4384492,19.4241745
808,6.4384492,19.4241745
809,6.4384492,19.4241745
810,6.4384492,19.4241745
811,6.4384492,19.4241745
812,6.4384492,19.4241745
813,6.4384492,19.4241745
814,6.4384492,19.4241745
815,6.4384492,19.4241745
816,6.4384492,19.4241745
817,6.4384492,19.4241745
818,6.4384492,19.4241745
819,6.4384492,19.4241745
820,6.4384492,19.4241745
821,6.4384492,19.4241745
822,6.4384492,19.4241745
823,6.4384492,19.4241745
824,6.4384492,19.4241745
825,6.4384492,19.4241745
826,6.4384492,19.4241745
827,6.4384492,19.4241745
828,6.4384492,19.4241745
829,6.4384492,19.4241745
830,6.4384492,19.4241745
831,6.4384492,19.4241745
832,6.4384492,19.4241745
833,6.4384492,19.4241745
834,6.4384492,19.4241745
835,6.4384492,19.4241745
836,6.4384492,19.4241745
837,6.4384492,19.4241745
838,6.4384492,19.4241745
839,6.4384492,19.4241745
840,6.4384492,19.4241745
841,6.4384492,19.4241745
842,6.4384492,19.4241745
843,6.4384492,19.4241745
844,6.4384492,19.4241745
845,6.4384492,19.4241745
846,6.4384492,19.4241745
847,6.4384492,19.4241745
848,6.4384492,19.4241745
849,6.4384492,19.4241745
850,6.056235,19.0368362
851,6.056235,19.0368362
852,6.056235,19.0368362
853,6.056235,19.0368362
854,6.056235,19.0368362
855,6.056235,19.0368362
856,6.056235,19.0368362
857,6.056235,19.0368362
858,6.056235,19.0368362
859,6.056235,19.0368362
860,6.056235,19.0368362
861,6.056235,19.0368362
862,6.056235,19.0368362
863,6.056235,19.0368362
864,6.056235,19.0368362
865,6.056235,19.0368362
866,6.056235,19.0368362
867,6.056235,19.0368362
868,6.056235,19.0368362
869,6.056235,19.0368362
870,6.056235,19.0368362
871,6.056235,19.0368362
872,6.056235,19.0368362
873,6.056235,19.0368362
874,6.056235,19.0368362
875,6.056235,19.0368362
876,6.056235,19.0368362
877,6.056235,19.0368362
878,6.056235,19.0368362
879,6.056235,19.0368362
880,6.056235,19.0368362
881,6.056235,19.0368362
882,6.056235,19.0368362
883,6.056235,19.0368362
884,6.056235,19.0368362
885,6.056235,19.0368362
886,6.056235,19.0368362
887,6.056235,19.0368362
888,6.056235,19.0368362
889,6.056235,19.0368362
890,6.056235,19.0368362
891,6.056235,19.0368362
892,6.056235,19.0368362
893,6.056235,19.0368362
894,6.056235,19.0368362
895,6.056235,19.0368362
896,6.056235,19.0368362
897,6.056235,19.0368362
898,6.056235,19.0368362
899,6.056235,19.0368362
900,7.7117164,7.767426400000001
901,7.7117164,7.767426400000001
902,7.7117164,7.767426400000001
903,7.7117164,7.767426400000001
904,7.7117164,7.767426400000001
905,7.7117164,7.767426400000001
906,7.7117164,7.767426400000001
907,7.7117164,7.767426400000001
908,7.7117164,7.767426400000001
909,7.7117164,7.767426400000001
910,7.7117164,7.767426400000001
911,7.7117164,7.767426400000001
912,7.7117164,7.767426400000001
913,7.7117164,7.767426400000001
914,7.7117164,7.767426400000001
915,7.7117164,7.767426400000001
916,7.7117164,7.767426400000001
917,7.7117164,7.767426400000001
918,7.7117164,7.767426400000001
919,7.7117164,7.767426400000001
920,7.7117164,7.767426400000001
921,7.7117164,7.767426400000001
922,7.7117164,7.767426400000001
923,7.7117164,7.767426400000001
924,7.7117164,7.767426400000001
925,7.7117164,7.767426400000001
926,7.7117164,7.767426400000001
927,7.7117164,7.767426400000001
928,7.7117164,7.767426400000001
929,7.7117164,7.767426400000001
930,7.7117164,7.767426400000001
931,7.7117164,7.767426400000001
932,7.7117164,7.767426400000001
933,7.7117164,7.767426400000001
934,7.7117164,7.767426400000001
935,7.7117164,7.767426400000001
936,7.7117164,7.767426400000001
937,7.7117164,7.767426400000001
938,7.7117164,7.767426400000001
939,7.7117164,7.767426400000001
940,7.7117164,7.767426400000001
941,7.7117164,7.767426400000001
942,7.7117164,7.767426400000001
943,7.7117164,7.767426400000001
944,7.7117164,7.767426400000001
945,7.7117164,7.767426400000001
946,7.7117164,7.767426400000001
947,7.7117164,7.767426400000001
948,7.7117164,7.767426400000001
949,7.7117164,7.767426400000001
950,7.111998,7.16805
951,7.111998,7.16805
952,7.111998,7.16805
953,7.111998,7.16805
954,7.111998,7.16805
955,7.111998,7.16805
956,7.111998,7.16805
957,7.111998,7.16805
958,7.111998,7.16805
959,7.111998,7.16805
960,7.111998,7.16805
961,7.111998,7.16805
962,7.111998,7.16805
963,7.111998,7.16805
964,7.111998,7.16805
965,7.111998,7.16805
966,7.111998,7.16805
967,7.111998,7.16805
968,7.111998,7.16805
969,7.111998,7.16805
970,7.111998,7.16805
971,7.111998,7.16805
972,7.111998,7.16805
973,7.111998,7.16805
974,7.111998,7.16805
975,7.111998,7.16805
976,7.111998,7.16805
977,7.111998,7.16805
978,7.111998,7.16805
979,7.111998,7.16805
980,7.111998,7.16805
981,7.111998,7.16805
982,7.111998,7.16805
983,7.111998,7.16805
984,7.111998,7.16805
985,7.111998,7.16805
986,7.111998,7.16805
987,7.111998,7.16805
988,7.111998,7.16805
989,7.111998,7.16805
990,7.111998,7.16805
991,7.111998,7.16805
992,7.111998,7.16805
993,7.111998,7.16805
994,7.111998,7.16805
995,7.111998,7.16805
996,7.111998,7.16805
997,7.111998,7.16805
998,7.111998,7.16805
999,7.111998,7.16805
1000,-3.2540331,6.4216628
1001,-3.2540331,6.4216628
1002,-3.2540331,6.4216628
1003,-3.2540331,6.4216628
1004,-3.2540331,6.4216628
1005,-3.2540331,6.4216628
1006,-3.2540331,6.4216628
1007,-3.2540331,6.4216628
1008,-3.2540331,6.4216628
1009,-3.2540331,6.4216628
1010,-3.2540331,6.4216628
1011,-3.2540331,6.4216628
1012,-3.2540331,6.4216628
1013,-3.2540331,6.4216628
1014,-3.2540331,6.4216628
1015,-3.2540331,6.4216628
1016,-3.2540331,6.4216628
1017,-3.2540331,6.4216628
1018,-3.2540331,6.4216628
1019,-3.2540331,6.4216628
1020,-3.2540331,6.4216628
1021,-3.2540331,6.4216628
1022,-3.2540331,6.4216628
1023,-3.2540331,6.4216628
1024,-3.2540331,6.4216628
1025,-3.2540331,6.4216628
1026,-3.2540331,6.4216628
1027,-3.2540331,6.4216628
1028,-3.2540331,6.4216628
1029,-3.2540331,6.4216628
1030,-3.2540331,6.4216628
1031,-3.2540331,6.4216628
1032,-3.2540331,6.4216628
1033,-3.2540331,6.4216628
1034,-3.2540331,6.4216628
1035,-3.2540331,6.4216628
1036,-3.2540331,6.4216628
1037,-3.2540331,6.4216628
1038,-3.2540331,6.4216628
1039,-3.2540331,6.4216628
1040,-3.2540331,6.4216628
1041,-3.2540331,6.4216628
1042,-3.2540331,6.4216628
1043,-3.2540331,6.4216628
1044,-3.2540331,6.4216628
1045,-3.2540331,6.4216628
1046,-3.2540331,6.4216628
1047,-3.2540331,6.4216628
1048,-3.2540331,6.4216628
1049,-3.2540331,6.4216628
1050,-3.6360612,6.0340856
1051,-3.6360612,6.0340856
1052,-3.6360612,6.0340856
1053,-3.6360612,6.0340856
1054,-3.6360612,6.0340856
1055,-3.6360612,6.0340856
1056,-3.6360612,6.0340856
1057,-3.6360612,6.0340856
1058,-3.6360612,6.0340856
1059,-3.6360612,6.0340856
1060,-3.6360612,6.0340856
1061,-3.6360612,6.0340856
1062,-3.6360612,6.0340856
1063,-3.6360612,6.0340856
1064,-3.6360612,6.0340856
1065,-3.6360612,6.0340856
1066,-3.6360612,6.0340856
1067,-3.6360612,6.0340856
1068,-3.6360612,6.0340856
1069,-3.6360612,6.0340856
1070,-3.6360612,6.0340856
1071,-3.6360612,6.0340856
1072,-3.6360612,6.0340856
1073,-3.6360612,6.0340856
1074,-3.6360612,6.0340856
1075,-3.6360612,6.0340856
1076,-3.6360612,6.0340856
1077,-3.6360612,6.0340856
1078,-3.6360612,6.0340856
1079,-3.6360612,6.0340856
1080,-3.6360612,6.0340856
1081,-3.6360612,6.0340856
1082,-3.6360612,6.0340856
1083,-3.6360612,6.0340856
1084,-3.6360612,6.0340856
1085,-3.6360612,6.0340856
1086,-3.6360612,6.0340856
1087,-3.6360612,6.0340856
1088,-3.6360612,6.0340856
1089,-3.6360612,6.0340856
1090,-3.6360612,6.0340856
1091,-3.6360612,6.0340856
1092,-3.6360612,6.0340856
1093,-3.6360612,6.0340856
1094,-3.6360612,6.0340856
1095,-3.6360612,6.0340856
1096,-3.6360612,6.0340856
1097,-3.6360612,6.0340856
1098,-3.6360612,6.0340856
1099,-3.6360612,6.0340856
1100,-2.0133246,1.1905902
1101,-2.0133246,1.1905902
1102,-2.0133246,1.1905902
1103,-2.0133246,1.1905902
1104,-2.0133246,1.1905902
1105,-2.0133246,1.1905902
1106,-2.0133246,1.1905902
1107,-2.0133246,1.1905902
1108,-2.0133246,1.1905902
1109,-2.0133246,1.1905902
1110,-2.0133246,1.1905902
1111,-2.0133246,1.1905902
1112,-2.0133246,1.1905902
1113,-2.0133246,1.1905902
1114,-2.0133246,1.1905902
1115,-2.0133246,1.1905902
1116,-2.0133246,1.1905902
1117,-2.0133246,1.1905902
1118,-2.0133246,1.1905902
1119,-2.0133246,1.1905902
1120,-2.0133246,1.1905902
1121,-2.0133246,1.1905902
1122,-2.0133246,1.1905902
1123,-2.0133246,1.1905902
1124,-2.0133246,1.1905902
1125,-2.0133246,1.1905902
1126,-2.0133246,1.1905902
1127,-2.0133246,1.1905902
1128,-2.0133246,1.1905902
1129,-2.0133246,1.1905902
1130,-2.0133246,1.1905902
1131,-2.0133246,1.1905902
1132,-2.0133246,1.1905902
1133,-2.0133246,1.1905902
1134,-2.0133246,1.1905902
1135,-2.0133246,1.1905902
1136,-2.0133246,1.1905902
1137,-2.0133246,1.1905902
1138,-2.0133246,1.1905902
1139,-2.0133246,1.1905902
1140,-2.0133246,1.1905902
1141,-2.0133246,1.1905902
1142,-2.0133246,1.1905902
1143,-2.0133246,1.1905902
1144,-2.0133246,1.1905902
1145,-2.0133246,1.1905902
1146,-2.0133246,1.1905902
1147,-2.0133246,1.1905902
1148,-2.0133246,1.1905902
1149,-2.0133246,1.1905902
1150,-2.610617,0.5950989999999999
1151,-2.610617,0.5950989999999999
1152,-2.610617,0.5950989999999999
1153,-2.610617,0.5950989999999999
1154,-2.610617,0.5950989999999999
1155,-2.610617,0.5950989999999999
1156,-2.610617,0.5950989999999999
1157,-2.610617,0.5950989999999999
1158,-2.610617,0.5950989999999999
1159,-2.610617,0.5950989999999999
1160,-2.610617,0.5950989999999999
1161,-2.610617,0.5950989999999999
1162,-2.610617,0.5950989999999999
1163,-2.610617,0.5950989999999999
1164,-2.610617,0.5950989999999999
1165,-2.610617,0.5950989999999999
1166,-2.610617,0.5950989999999999
1167,-2.610617,0.5950989999999999
1168,-2.610617,0.5950989999999999
1169,-2.610617,0.5950989999999999
1170,-2.610617,0.5950989999999999
1171,-2.610617,0.5950989999999999
1172,-2.610617,0.5950989999999999
1173,-2.610617,0.5950989999999999
1174,-2.610617,0.5950989999999999
1175,-2.610617,0.5950989999999999
1176,-2.610617,0.5950989999999999
1177,-2.610617,0.5950989999999999
1178,-2.610617,0.5950989999999999
1179,-2.610617,0.5950989999999999
1180,-2.610617,0.5950989999999999
1181,-2.610617,0.5950989999999999
1182,-2.610617,0.5950989999999999
1183,-2.610617,0.5950989999999999
1184,-2.610617,0.5950989999999999
1185,-2.610617,0.5950989999999999
1186,-2.610617,0.5950989999999999
1187,-2.610617,0.5950989999999999
1188,-2.610617,0.5950989999999999
1189,-2.610617,0.5950989999999999
1190,-2.610617,0.5950989999999999
1191,-2.610617,0.5950989999999999
1192,-2.610617,0.5950989999999999
1193,-2.610617,0.5950989999999999
1194,-2.610617,0.5950989999999999
1195,-2.610617,0.5950989999999999
1196,-2.610617,0.5950989999999999
1197,-2.610617,0.5950989999999999
1198,-2.610617,0.5950989999999999
1199,-2.610617,0.5950989999999999
1200,4.1299326,19.8184516
1201,4.1299326,19.8184516
1202,4.1299326,19.8184516
1203,4.1299326,19.8184516
1204,4.1299326,19.8184516
1205,4.1299326,19.8184516
1206,4.1299326,19.8184516
1207,4.1299326,19.8184516
1208,4.1299326,19.8184516
1209,4.1299326,19.8184516
1210,4.1299326,19.8184516
1211,4.1299326,19.8184516
1212,4.1299326,19.8184516
1213,4.1299326,19.8184516
1214,4.1299326,19.8184516
1215,4.1299326,19.8184516
1216,4.1299326,19.8184516
1217,4.1299326,19.8184516
1218,4.1299326,19.8184516
1219,4.1299326,19.8184516
1220,4.1299326,19.8184516
1221,4.1299326,19.8184516
1222,4.1299326,19.8184516
1223,4.1299326,19.8184516
1224,4.1299326,19.8184516
1225,4.1299326,19.8184516
1226,4.1299326,19.8184516
1227,4.1299326,19.8184516
1228,4.1299326,19.8184516
1229,4.1299326,19.8184516
1230,4.1299326,19.8184516
1231,4.1299326,19.8184516
1232,4.1299326,19.8184516
1233,4.1299326,19.8184516
1234,4.1299326,19.8184516
1235,4.1299326,19.8184516
1236,4.1299326,19.8184516
1237,4.1299326,19.8184516
1238,4.1299326,19.8184516
1239,4.1299326,19.8184516
1240,4.1299326,19.8184516
1241,4.1299326,19.8184516
1242,4.1299326,19.8184516
1243,4.1299326,19.8184516
1244,4.1299326,19.8184516
1245,4.1299326,19.8184516
1246,4.1299326,19.8184516
1247,4.1299326,19.8184516
1248,4.1299326,19.8184516
1249,4.1299326,19.8184516
1250,3.420751,19.109312
1251,3.420751,19.109312
1252,3.420751,19.109312
1253,3.420751,19.109312
1254,3.420751,19.109312
1255,3.420751,19.109312
1256,3.420751,19.109312
1257,3.420751,19.109312
1258,3.420751,19.109312
1259,3.420751,19.109312
1260,3.420751,19.109312
1261,3.420751,19.109312
1262,3.420751,19.109312
1263,3.420751,19.109312
1264,3.420751,19.109312
1265,3.420751,19.109312
1266,3.420751,19.109312
1267,3.420751,19.109312
1268,3.420751,19.109312
1269,3.420751,19.109312
1270,3.420751,19.109312
1271,3.420751,19.109312
1272,3.420751,19.109312
1273,3.420751,19.109312
1274,3.420751,19.109312
1275,3.420751,19.109312
1276,3.420751,19.109312
1277,3.420751,19.109312
1278,3.420751,19.109312
1279,3.420751,19.109312
1280,3.420751,19.109312
1281,3.420751,19.109312
1282,3.420751,19.109312
1283,3.420751,19.109312
1284,3.420751,19.109312
1285,3.420751,19.109312
1286,3.420751,19.109312
1287,3.420751,19.109312
1288,3.420751,19.109312
1289,3.420751,19.109312
1290,3.420751,19.109312
1291,3.420751,19.109312
1292,3.420751,19.109312
1293,3.420751,19.109312
1294,3.420751,19.109312
1295,3.420751,19.109312
1296,3.420751,19.109312
1297,3.420751,19.109312
1298,3.420751,19.109312
1299,3.420751,19.109312
1300,3.663154,11.429333999999999
1301,3.663154,11.429333999999999
1302,3.663154,11.429333999999999
1303,3.663154,11.429333999999999
1304,3.663154,11.429333999999999
1305,3.663154,11.429333999999999
1306,3.663154,11.429333999999999
1307,3.663154,11.429333999999999
1308,3.663154,11.429333999999999
1309,3.663154,11.429333999999999
1310,3.663154,11.429333999999999
1311,3.663154,11.429333999999999
1312,3.663154,11.429333999999999
1313,3.663154,11.429333999999999
1314,3.663154,11.429333999999999
1315,3.663154,11.429333999999999
1316,3.663154,11.429333999999999
1317,3.663154,11.429333999999999
1318,3.663154,11.429333999999999
1319,3.663154,11.429333999999999
1320,3.663154,11.429333999999999
1321,3.663154,11.429333999999999
1322,3.663154,11.429333999999999
1323,3.663154,11.429333999999999
1324,3.663154,11.429333999999999
1325,3.663154,11.429333999999999
1326,3.663154,11.429333999999999
1327,3.663154,11.429333999999999
1328,3.663154,11.429333999999999
1329,3.663154,11.429333999999999
1330,3.663154,11.429333999999999
1331,3.663154,11.429333999999999
1332,3.663154,11.429333999999999
1333,3.663154,11.429333999999999
1334,3.663154,11.429333999999999
1335,3.663154,11.429333999999999
1336,3.663154,11.429333999999999
1337,3.663154,11.429333999999999
1338,3.663154,11.429333999999999
1339,3.663154,11.429333999999999
1340,3.663154,11.429333999999999
1341,3.663154,11.429333999999999
1342,3.663154,11.429333999999999
1343,3.663154,11.429333999999999
1344,3.663154,11.429333999999999
1345,3.663154,11.429333999999999
1346,3.663154,11.429333999999999
1347,3.663154,11.429333999999999
1348,3.663154,11.429333999999999
1349,3.663154,11.429333999999999
1350,2.646721,10.411916999999999
1351,2.646721,10.411916999999999
1352,2.646721,10.411916999999999
1353,2.646721,10.411916999999999
1354,2.646721,10.411916999999999
1355,2.646721,10.411916999999999
1356,2.646721,10.411916999999999
1357,2.646721,10.411916999999999
1358,2.646721,10.411916999999999
1359,2.646721,10.411916999999999
1360,2.646721,10.411916999999999
1361,2.646721,10.411916999999999
1362,2.646721,10.411916999999999
1363,2.646721,10.411916999999999
1364,2.646721,10.411916999999999
1365,2.646721,10.411916999999999
1366,2.646721,10.411916999999999
1367,2.646721,10.411916999999999
1368,2.646721,10.411916999999999
1369,2.646721,10.411916999999999
1370,2.646721,10.411916999999999
1371,2.646721,10.411916999999999
1372,2.646721,10.411916999999999
1373,2.646721,10.411916999999999
1374,2.646721,10.411916999999999
1375,2.646721,10.411916999999999
1376,2.646721,10.411916999999999
1377,2.646721,10.411916999999999
1378,2.646721,10.411916999999999
1379,2.646721,10.411916999999999
1380,2.646721,10.411916999999999
1381,2.646721,10.411916999999999
1382,2.646721,10.411916999999999
1383,2.646721,10.411916999999999
1384,2.646721,10.411916999999999
1385,2.646721,10.411916999999999
1386,2.646721,10.411916999999999
1387,2.646721,10.411916999999999
1388,2.646721,10.411916999999999
1389,2.646721,10.411916999999999
1390,2.646721,10.411916999999999
1391,2.646721,10.411916999999999
1392,2.646721,10.411916999999999
1393,2.646721,10.411916999999999
1394,2.646721,10.411916999999999
1395,2.646721,10.411916999999999
1396,2.646721,10.411916999999999
1397,2.646721,10.411916999999999
1398,2.646721,10.411916999999999
1399,2.646721,10.411916999999999
1400,-1.2471743999999998,5.964617400000001
1401,-1.2471743999999998,5.964617400000001
1402,-1.2471743999999998,5.964617400000001
1403,-1.2471743999999998,5.964617400000001
1404,-1.2471743999999998,5.964617400000001
1405,-1.2471743999999998,5.964617400000001
1406,-1.2471743999999998,5.964617400000001
1407,-1.2471743999999998,5.964617400000001
1408,-1.2471743999999998,5.964617400000001
1409,-1.2471743999999998,5.964617400000001
1410,-1.2471743999999998,5.964617400000001
1411,-1.2471743999999998,5.964617400000001
1412,-1.2471743999999998,5.964617400000001
1413,-1.2471743999999998,5.964617400000001
1414,-1.2471743999999998,5.964617400000001
1415,-1.2471743999999998,5.964617400000001
1416,-1.2471743999999998,5.964617400000001
1417,-1.2471743999999998,5.964617400000001
1418,-1.2471743999999998,5.964617400000001
1419,-1.2471743999999998,5.964617400000001
1420,-1.2471743999999998,5.964617400000001
1421,-1.2471743999999998,5.964617400000001
1422,-1.2471743999999998,5.964617400000001
1423,-1.2471743999999998,5.964617400000001
1424,-1.2471743999999998,5.964617400000001
1425,-1.2471743999999998,5.964617400000001
1426,-1.2471743999999998,5.964617400000001
1427,-1.2471743999999998,5.964617400000001
1428,-1.2471743999999998,5.964617400000001
1429,-1.2471743999999998,5.964617400000001
1430,-1.2471743999999998,5.964617400000001
1431,-1.2471743999999998,5.964617400000001
1432,-1.2471743999999998,5.964617400000001
1433,-1.2471743999999998,5.964617400000001
1434,-1.2471743999999998,5.964617400000001
1435,-1.2471743999999998,5.964617400000001
1436,-1.2471743999999998,5.964617400000001
1437,-1.2471743999999998,5.964617400000001
1438,-1.2471743999999998,5.964617400000001
1439,-1.2471743999999998,5.964617400000001
1440,-1.2471743999999998,5.964617400000001
1441,-1.2471743999999998,5.964617400000001
1442,-1.2471743999999998,5.964617400000001
1443,-1.2471743999999998,5.964617400000001
1444,-1.2471743999999998,5.964617400000001
1445,-1.2471743999999998,5.964617400000001
1446,-1.2471743999999998,5.964617400000001
1447,-1.2471743999999998,5.964617400000001
1448,-1.2471743999999998,5.964617400000001
1449,-1.2471743999999998,5.964617400000001
1450,-1.956943,5.262656
1451,-1.956943,5.262656
1452,-1.956943,5.262656
1453,-1.956943,5.262656
1454,-1.956943,5.262656
1455,-1.956943,5.262656
1456,-1.956943,5.262656
1457,-1.956943,5.262656
1458,-1.956943,5.262656
1459,-1.956943,5.262656
1460,-1.956943,5.262656
1461,-1.956943,5.262656
1462,-1.956943,5.262656
1463,-1.956943,5.262656
1464,-1.956943,5.262656
1465,-1.956943,5.262656
1466,-1.956943,5.262656
1467,-1.956943,5.262656
1468,-1.956943,5.262656
1469,-1.956943,5.262656
1470,-1.956943,5.262656
1471,-1.956943,5.262656
1472,-1.956943,5.262656
1473,-1.956943,5.262656
1474,-1.956943,5.262656
1475,-1.956943,5.262656
1476,-1.956943,5.262656
1477,-1.956943,5.262656
1478,-1.956943,5.262656
1479,-1.956943,5.262656
1480,-1.956943,5.262656
1481,-1.956943,5.262656
1482,-1.956943,5.262656
1483,-1.956943,5.262656
1484,-1.956943,5.262656
1485,-1.956943,5.262656
1486,-1.956943,5.262656
1487,-1.956943,5.262656
1488,-1.956943,5.262656
1489,-1.956943,5.262656
1490,-1.956943,5.262656
1491,-1.956943,5.262656
1492,-1.956943,5.262656
1493,-1.956943,5.262656
1494,-1.956943,5.262656
1495,-1.956943,5.262656
1496,-1.956943,5.262656
1497,-1.956943,5.262656
1498,-1.956943,5.262656
1499,-1.956943,5.262656
1500,-2.149458,3.837326
1501,-2.149458,3.837326
1502,-2.149458,3.837326
1503,-2.149458,3.837326
1504,-2.149458,3.837326
1505,-2.149458,3.837326
1506,-2.149458,3.837326
1507,-2.149458,3.837326
1508,-2.149458,3.837326
1509,-2.149458,3.837326
1510,-2.149458,3.837326
1511,-2.149458,3.837326
1512,-2.149458,3.837326
1513,-2.149458,3.837326
1514,-2.149458,3.837326
1515,-2.149458,3.837326
1516,-2.149458,3.837326
1517,-2.149458,3.837326
1518,-2.149458,3.837326
1519,-2.149458,3.837326
1520,-2.149458,3.837326
1521,-2.149458,3.837326
1522,-2.149458,3.837326
1523,-2.149458,3.837326
1524,-2.149458,3.837326
1525,-2.149458,3.837326
1526,-2.149458,3.837326
1527,-2.149458,3.837326
1528,-2.149458,3.837326
1529,-2.149458,3.837326
1530,-2.149458,3.837326
1531,-2.149458,3.837326
1532,-2.149458,3.837326
1533,-2.149458,3.837326
1534,-2.149458,3.837326
1535,-2.149458,3.837326
1536,-2.149458,3.837326
1537,-2.149458,3.837326
1538,-2.149458,3.837326
1539,-2.149458,3.837326
1540,-2.149458,3.837326
1541,-2.149458,3.837326
1542,-2.149458,3.837326
1543,-2.149458,3.837326
1544,-2.149458,3.837326
1545,-2.149458,3.837326
1546,-2.149458,3.837326
1547,-2.149458,3.837326
1548,-2.149458,3.837326
1549,-2.149458,3.837326
1550,-3.164001,2.829341
1551,-3.164001,2.829341
1552,-3.164001,2.829341
1553,-3.164001,2.829341
1554,-3.164001,2.829341
1555,-3.164001,2.829341
1556,-3.164001,2.829341
1557,-3.164001,2.829341
1558,-3.164001,2.829341
1559,-3.164001,2.829341
1560,-3.164001,2.829341
1561,-3.164001,2.829341
1562,-3.164001,2.829341
1563,-3.164001,2.829341
1564,-3.164001,2.829341
1565,-3.164001,2.829341
1566,-3.164001,2.829341
1567,-3.164001,2.829341
1568,-3.164001,2.829341
1569,-3.164001,2.829341
1570,-3.164001,2.829341
1571,-3.164001,2.829341
1572,-3.164001,2.829341
1573,-3.164001,2.829341
1574,-3.164001,2.829341
1575,-3.164001,2.829341
1576,-3.164001,2.829341
1577,-3.164001,2.829341
1578,-3.164001,2.829341
1579,-3.164001,2.829341
1580,-3.164001,2.829341
1581,-3.164001,2.829341
1582,-3.164001,2.829341
1583,-3.164001,2.829341
1584,-3.164001,2.829341
1585,-3.164001,2.829341
1586,-3.164001,2.829341
1587,-3.164001,2.829341
1588,-3.164001,2.829341
1589,-3.164001,2.829341
1590,-3.164001,2.829341
1591,-3.164001,2.829341
1592,-3.164001,2.829341
1593,-3.164001,2.829341
1594,-3.164001,2.829341
1595,-3.164001,2.829341
1596,-3.164001,2.829341
1597,-3.164001,2.829341
1598,-3.164001,2.829341
1599,-3.164001,2.829341
