Index,NumStory,SeismicWeight,Area,LongDim,ShortDim,LongWall,ShortWall,DampingRatio,StoryHeight,1st Mode,2nd Mode,Xpeakstrength,Xdrift@peakstrength,Xdrift@80%peakstrength,Xdrift@20%residualstrength,Zpeakstrength,Zdrift@peakstrength,Zdrift@80%peakstrength,Zdrift@20%residualstrength
Building_T1-60x30-S2-GS_Existing1,2,240.232,1800,720,360,4033.5,3642.25,0.042038341,10.69578971,0.301723434,0.249267365,0.351732991,0.0042696,0.0022735,0.0186202,0.372794454,0.00162384,0.00107492,0.00193777
Building_T1-60x30-S2-GS_Existing2,2,253.62,1800,720,360,4033.5,3642.25,0.046951174,11.34226019,0.319215049,0.263076629,0.30514239,0.00389451,0.00207076,0.0169857,0.32325398,0.0014479,0.000956698,0.00172333
Building_T1-60x30-S2-GS_Existing3,2,239.688,1800,720,360,4033.5,3642.25,0.020064671,11.02473983,0.397125166,0.325991697,0.198563866,0.00408622,0.00213411,0.0169792,0.209326429,0.00138387,0.000933631,0.00139953
Building_T1-60x30-S2-GS_Existing4,2,252.116,1800,720,360,4033.5,3642.25,0.031166932,10.26958118,0.419749457,0.345311129,0.168932602,0.00420831,0.00217775,0.0168234,0.177715499,0.00145683,0.000989992,0.00130129
Building_T1-60x30-S2-GS_Existing5,2,226.683,1800,720,360,4033.5,3642.25,0.027863408,9.469975192,0.36415324,0.299539583,0.239269089,0.00482265,0.00252381,0.0200353,0.252269689,0.00165121,0.00111718,0.00168158
Building_T1-60x30-S2-GS_Existing6,2,243.288,1800,720,360,4033.5,3642.25,0.0111803,10.82394829,0.408236231,0.336421726,0.197767835,0.0044304,0.00230778,0.0179908,0.208292483,0.00156639,0.00106718,0.0014933
Building_T1-60x30-S2-GS_Existing7,2,230.229,1800,720,360,4033.5,3642.25,0.031884047,11.18467845,0.369910555,0.30428703,0.258932016,0.00457016,0.00240417,0.0193261,0.273391379,0.00160346,0.0010753,0.00174472
Building_T1-60x30-S2-GS_Existing8,2,253.952,1800,720,360,4033.5,3642.25,0.045757153,11.3095997,0.460642722,0.378773686,0.187073242,0.00508913,0.00262315,0.0201141,0.196515048,0.0017304,0.00116946,0.00144559
Building_T1-60x30-S2-GS_Existing9,2,213.447,1800,720,360,4033.5,3642.25,0.02147194,9.044337112,0.366137075,0.300658616,0.216771784,0.00462242,0.00240868,0.0190429,0.228447114,0.00157991,0.00106945,0.00155738
Building_T1-60x30-S2-GS_Existing10,2,242.57,1800,720,360,4033.5,3642.25,0.010502632,11.13819193,0.480366972,0.394859911,0.170508901,0.00511136,0.00261492,0.0198323,0.178869938,0.00172489,0.00116602,0.00131462
Building_T1-60x30-S3-GS_Existing1,3,435.661,3600,720,360,6351.5,6071,0.038825621,11.58959352,0.527008647,0.442209379,0.156284214,0.00348414,0.00185962,0.0123913,0.163908294,0.00148779,0.00104969,0.000981185
Building_T1-60x30-S3-GS_Existing2,3,433.176,3600,720,360,6351.5,6071,0.046135973,11.30313177,0.472233643,0.39654043,0.179402188,0.00327367,0.00176747,0.0120494,0.188723622,0.0014277,0.00100204,0.00101986
Building_T1-60x30-S3-GS_Existing3,3,393.717,3600,720,360,6351.5,6071,0.028593302,10.21561385,0.566616592,0.474982893,0.116863559,0.00345424,0.00180118,0.011583,0.122119093,0.00143479,0.00101622,0.00080864
Building_T1-60x30-S3-GS_Existing4,3,440.61,3600,720,360,6351.5,6071,0.030980377,11.93104835,0.620006033,0.519443613,0.114852466,0.0035358,0.00183177,0.0117847,0.119966207,0.0014459,0.00102211,0.000801096
Building_T1-60x30-S3-GS_Existing5,3,379.09,3600,720,360,6351.5,6071,0.016959635,10.1895808,0.462337498,0.387671361,0.152018096,0.0029746,0.00159732,0.0108719,0.159741017,0.00126959,0.000890273,0.000876307
Building_T1-60x30-S3-GS_Existing6,3,414.129,3600,720,360,6351.5,6071,0.031691455,11.4786455,0.562957006,0.471417363,0.112191037,0.00294457,0.00154548,0.0101951,0.117366842,0.00120835,0.000854746,0.000725271
Building_T1-60x30-S3-GS_Existing7,3,383.235,3600,720,360,6351.5,6071,0.016576892,9.643194595,0.465030901,0.389844706,0.201243143,0.00416441,0.00222926,0.0150135,0.211332843,0.00178709,0.00125834,0.0012161
Building_T1-60x30-S3-GS_Existing8,3,396.525,3600,720,360,6351.5,6071,0.045480841,10.53048725,0.666529586,0.558942749,0.097547837,0.00388969,0.0019568,0.0120878,0.10161679,0.00158904,0.00112344,0.000866717
Building_T1-60x30-S3-GS_Existing9,3,404.682,3600,720,360,6351.5,6071,0.045090909,11.72856604,0.62599042,0.525843698,0.105014446,0.00332245,0.00172182,0.0109341,0.109679219,0.00139429,0.00098499,0.000781551
Building_T1-60x30-S3-GS_Existing10,3,373.11,3600,720,360,6351.5,6071,0.023811925,9.920180136,0.463988861,0.388725167,0.155091391,0.00317547,0.00169924,0.0115171,0.162869188,0.00134722,0.000946041,0.000916035
Building_T1-100x30-S2-GS_Existing1,2,377.425,3000,1200,360,6450.75,4057,0.031838878,11.60580299,0.473452611,0.37299057,0.271908416,0.0052166,0.0027838,0.0211832,0.154763277,0.00286739,0.00154829,0.0033456
Building_T1-100x30-S2-GS_Existing2,2,361.331,3000,1200,360,6450.75,4057,0.021911173,11.89700158,0.328793456,0.257982584,0.466474357,0.0042533,0.00229654,0.0188509,0.270520835,0.00267399,0.00128702,0.00298928
Building_T1-100x30-S2-GS_Existing3,2,349.855,3000,1200,360,6450.75,4057,0.032271705,9.072078494,0.448581807,0.351785988,0.257804879,0.00574254,0.00303421,0.0228783,0.146044075,0.00310746,0.00166258,0.00357754
Building_T1-100x30-S2-GS_Existing4,2,390.281,3000,1200,360,6450.75,4057,0.032598862,10.64492256,0.409196676,0.321936544,0.283507908,0.00448765,0.00239855,0.0187779,0.162201937,0.00261236,0.00132569,0.00295869
Building_T1-100x30-S2-GS_Existing5,2,399.991,3000,1200,360,6450.75,4057,0.045152173,11.51028163,0.520942053,0.407661073,0.210496269,0.00500354,0.00262281,0.0198675,0.118915271,0.00266267,0.00140957,0.00306185
Building_T1-100x30-S2-GS_Existing6,2,393.628,3000,1200,360,6450.75,4057,0.031134404,10.74955276,0.362551767,0.286574039,0.428127842,0.00526064,0.00283937,0.0225258,0.246619059,0.00331581,0.00161163,0.00359817
Building_T1-100x30-S2-GS_Existing7,2,365.629,3000,1200,360,6450.75,4057,0.013644687,11.4486011,0.422507701,0.331598736,0.305427381,0.0047686,0.002557,0.0199274,0.174815588,0.00279557,0.00142743,0.00315954
Building_T1-100x30-S2-GS_Existing8,2,382.57,3000,1200,360,6450.75,4057,0.010813079,10.58083472,0.385023242,0.302269948,0.303158703,0.00423166,0.00226767,0.017978,0.174056289,0.00247798,0.00125767,0.00283466
Building_T1-100x30-S2-GS_Existing9,2,382.016,3000,1200,360,6450.75,4057,0.022464746,11.67635042,0.313486423,0.246265676,0.435805634,0.00365642,0.00198371,0.0161986,0.253171642,0.00232137,0.00113012,0.0025972
Building_T1-100x30-S2-GS_Existing10,2,405.734,3000,1200,360,6450.75,4057,0.036340797,11.14085537,0.356764287,0.281374223,0.376942699,0.00427655,0.00231412,0.0184433,0.217581132,0.00270346,0.00131597,0.00295006
Building_T1-100x30-S3-GS_Existing1,3,594.62,6000,1200,360,10498.25,6370.5,0.035553167,9.464637908,0.669184922,0.545638691,0.15502031,0.0047011,0.0024989,0.0153138,0.084452988,0.00287319,0.00162449,0.00300799
Building_T1-100x30-S3-GS_Existing2,3,604.566,6000,1200,360,10498.25,6370.5,0.027298436,10.77831203,0.596506846,0.487363344,0.165851498,0.00349283,0.00190664,0.01219,0.092152453,0.00229715,0.0012638,0.00256126
Building_T1-100x30-S3-GS_Existing3,3,624.28,6000,1200,360,10498.25,6370.5,0.036459317,11.9582266,0.574320824,0.470541162,0.148099036,0.00255924,0.00141495,0.00917313,0.082946627,0.00173712,0.000950697,0.00198096
Building_T1-100x30-S3-GS_Existing4,3,614.757,6000,1200,360,10498.25,6370.5,0.034167598,11.15060011,0.609195108,0.496862652,0.15676276,0.00335888,0.00183313,0.0117282,0.086992935,0.00218537,0.00120341,0.00243973
Building_T1-100x30-S3-GS_Existing5,3,631.252,6000,1200,360,10498.25,6370.5,0.034344572,11.51602364,0.739962646,0.605628829,0.129476459,0.00389967,0.00208231,0.0126246,0.070612397,0.00242533,0.00137311,0.00253966
Building_T1-100x30-S3-GS_Existing6,3,581.662,6000,1200,360,10498.25,6370.5,0.036586192,10.22803272,0.658022392,0.535957175,0.153765586,0.00415508,0.00223123,0.0138994,0.08429615,0.00257281,0.00144941,0.00277778
Building_T1-100x30-S3-GS_Existing7,3,685.749,6000,1200,360,10498.25,6370.5,0.034004205,11.82962517,0.655978439,0.536466615,0.155149127,0.00355727,0.00193378,0.0122149,0.085832703,0.00231413,0.00127644,0.00253494
Building_T1-100x30-S3-GS_Existing8,3,627.611,6000,1200,360,10498.25,6370.5,0.012964043,11.34866252,0.588240519,0.479419358,0.19795197,0.00385723,0.00211362,0.0137583,0.110260378,0.00251683,0.00137773,0.00286
Building_T1-100x30-S3-GS_Existing9,3,579.464,6000,1200,360,10498.25,6370.5,0.042947526,10.44015734,0.464488506,0.380720596,0.259203058,0.00337217,0.00188603,0.0125611,0.146455126,0.0023408,0.00127318,0.00274824
Building_T1-100x30-S3-GS_Existing10,3,617.613,6000,1200,360,10498.25,6370.5,0.028438119,11.44128207,0.566871815,0.464439141,0.195506166,0.00344782,0.00190247,0.0123238,0.109433718,0.0023351,0.00127698,0.00265736
Building_T1-60x30-S2-PS_Existing1,2,228.019,1800,720,360,4033.5,3642.25,0.044031626,10.57435319,0.525012012,0.435076065,0.144671286,0.00535417,0.00326111,0.0310494,0.138978596,0.00357543,0.00184332,0.00370307
Building_T1-60x30-S2-PS_Existing2,2,238.413,1800,720,360,4033.5,3642.25,0.032962854,9.649384436,0.390157844,0.323909528,0.277870263,0.00616942,0.00381104,0.0422016,0.269292101,0.00428408,0.00226682,0.00485421
Building_T1-60x30-S2-PS_Existing3,2,263.666,1800,720,360,4033.5,3642.25,0.039423462,11.83201473,0.60540023,0.501862427,0.107629581,0.00480625,0.00290397,0.025768,0.102972121,0.00315091,0.00160317,0.00313376
Building_T1-60x30-S2-PS_Existing4,2,222.286,1800,720,360,4033.5,3642.25,0.038800978,9.302790806,0.472742632,0.391607848,0.132317496,0.00457148,0.00278371,0.0273285,0.127279167,0.00303724,0.00155834,0.00321683
Building_T1-60x30-S2-PS_Existing5,2,233.286,1800,720,360,4033.5,3642.25,0.015118325,9.247183197,0.369563204,0.306780798,0.265726353,0.00545908,0.00338583,0.0373814,0.257798387,0.00384174,0.00205252,0.00438499
Building_T1-60x30-S2-PS_Existing6,2,215.062,1800,720,360,4033.5,3642.25,0.029890787,9.454649456,0.403065364,0.334015615,0.221970613,0.00533576,0.00328578,0.0362875,0.214870735,0.00364542,0.0019057,0.00410672
Building_T1-60x30-S2-PS_Existing7,2,231.902,1800,720,360,4033.5,3642.25,0.024656304,10.14515455,0.414782036,0.344384128,0.226589728,0.00541585,0.00334117,0.0367405,0.219392837,0.00375479,0.00198465,0.00421232
Building_T1-60x30-S2-PS_Existing8,2,249.23,1800,720,360,4033.5,3642.25,0.015762452,10.01984848,0.491195795,0.407255397,0.126625671,0.0043106,0.00263422,0.0258295,0.121849301,0.00290183,0.00150489,0.00304967
Building_T1-60x30-S2-PS_Existing9,2,242.171,1800,720,360,4033.5,3642.25,0.019332643,10.53858351,0.401228469,0.332843317,0.253062043,0.00539578,0.00333529,0.0370881,0.245371704,0.00374607,0.00198021,0.00426886
Building_T1-60x30-S2-PS_Existing10,2,249.899,1800,720,360,4033.5,3642.25,0.027215547,11.59461095,0.4106472,0.340074446,0.229187268,0.00462442,0.0028557,0.032069,0.222364084,0.00317211,0.00166044,0.00365346
Building_T1-60x30-S3-PS_Existing1,3,422.199,3600,720,360,6351.5,6071,0.020792407,10.29525681,0.571962579,0.477132272,0.120135429,0.00341444,0.00210149,0.0177359,0.115330707,0.00299836,0.00149537,0.00282363
Building_T1-60x30-S3-PS_Existing2,3,402.288,3600,720,360,6351.5,6071,0.015244547,11.47969861,0.675568911,0.563469283,0.104954883,0.00369311,0.00225716,0.0175484,0.100252662,0.00315873,0.00156566,0.00284671
Building_T1-60x30-S3-PS_Existing3,3,363.817,3600,720,360,6351.5,6071,0.01457355,9.138790227,0.582636471,0.48579008,0.127854479,0.00426899,0.00261404,0.0208193,0.122259328,0.00362582,0.00180236,0.00331888
Building_T1-60x30-S3-PS_Existing4,3,390.385,3600,720,360,6351.5,6071,0.048282029,10.79569085,0.644710877,0.537568945,0.099157539,0.00343133,0.00209717,0.0164693,0.094749355,0.00290513,0.00144099,0.00263486
Building_T1-60x30-S3-PS_Existing5,3,395.968,3600,720,360,6351.5,6071,0.026870307,11.587044,0.489167993,0.408571578,0.145082885,0.00263616,0.00164457,0.0161146,0.140420938,0.00240679,0.00121541,0.00241169
Building_T1-60x30-S3-PS_Existing6,3,398.303,3600,720,360,6351.5,6071,0.044890811,10.54359702,0.704644529,0.586846435,0.077301376,0.00327437,0.00198462,0.0144094,0.073526263,0.00258298,0.00130111,0.00226459
Building_T1-60x30-S3-PS_Existing7,3,404.547,3600,720,360,6351.5,6071,0.024769796,10.7268948,0.558143415,0.465780607,0.152446228,0.00394986,0.00244423,0.0213778,0.146594638,0.00344752,0.00172167,0.00329255
Building_T1-60x30-S3-PS_Existing8,3,428.442,3600,720,360,6351.5,6071,0.030696219,11.90256975,0.586584501,0.48979807,0.102978186,0.00262461,0.00162419,0.0142233,0.099070329,0.00233612,0.00116607,0.00222846
Building_T1-60x30-S3-PS_Existing9,3,375.124,3600,720,360,6351.5,6071,0.038992477,9.046482727,0.673405444,0.561115898,0.090306509,0.00407028,0.00245358,0.017288,0.085808549,0.00327817,0.00164853,0.00281823
Building_T1-60x30-S3-PS_Existing10,3,402.162,3600,720,360,6351.5,6071,0.027993405,9.911800038,0.461112127,0.384985802,0.166140824,0.00319666,0.00199005,0.0192222,0.160660042,0.00288401,0.00144735,0.00288474
Building_T1-100x30-S2-PS_Existing1,2,377.941,3000,1200,360,6450.75,4057,0.027446159,10.84095496,0.560129741,0.4257484,0.15679079,0.00409312,0.00253287,0.0264948,0.076609148,0.00426669,0.00182572,0.0238546
Building_T1-100x30-S2-PS_Existing2,2,376.413,3000,1200,360,6450.75,4057,0.027594701,11.46242371,0.386266972,0.294508882,0.329614519,0.00379816,0.00238077,0.0259784,0.170780281,0.00402274,0.00196074,0.0250463
Building_T1-100x30-S2-PS_Existing3,2,385.112,3000,1200,360,6450.75,4057,0.01817607,11.95073558,0.429385422,0.326953006,0.258551035,0.00359771,0.00224866,0.0245194,0.1327889,0.00379788,0.00181878,0.0234497
Building_T1-100x30-S2-PS_Existing4,2,345.966,3000,1200,360,6450.75,4057,0.028417944,9.72587372,0.481146897,0.366042994,0.243658677,0.00521782,0.00324309,0.0350192,0.121442763,0.00546269,0.00244376,0.0324431
Building_T1-100x30-S2-PS_Existing5,2,343.897,3000,1200,360,6450.75,4057,0.017166975,9.142172578,0.380985835,0.290030191,0.368626397,0.00523659,0.00327246,0.0359708,0.189008854,0.00551014,0.00259954,0.0343316
Building_T1-100x30-S2-PS_Existing6,2,388.7,3000,1200,360,6450.75,4057,0.032557536,11.84191071,0.459970135,0.3501969,0.295136403,0.00473912,0.002959,0.0321602,0.150327857,0.00499172,0.00234506,0.030505
Building_T1-100x30-S2-PS_Existing7,2,368.509,3000,1200,360,6450.75,4057,0.038616997,9.64120404,0.465758724,0.35401615,0.271066894,0.00556615,0.00346172,0.0374743,0.135608441,0.00583077,0.00263018,0.0348843
Building_T1-100x30-S2-PS_Existing8,2,371.982,3000,1200,360,6450.75,4057,0.047616184,11.98683022,0.601527038,0.456222091,0.164293041,0.00455716,0.00281578,0.0290187,0.079727245,0.00409429,0.00197988,0.0255565
Building_T1-100x30-S2-PS_Existing9,2,365.983,3000,1200,360,6450.75,4057,0.047492098,9.531305526,0.394152504,0.300028997,0.320372995,0.00469918,0.0029333,0.0321376,0.164032851,0.00494535,0.00233505,0.0306428
Building_T1-100x30-S2-PS_Existing10,2,377.693,3000,1200,360,6450.75,4057,0.018818318,10.89187454,0.513329563,0.391029165,0.18153383,0.00393972,0.00244808,0.0261681,0.090467062,0.00413999,0.00187452,0.0242554
Building_T1-100x30-S3-PS_Existing1,3,646.155,6000,1200,360,10498.25,6370.5,0.013935856,11.70894662,0.721812747,0.551605212,0.11566471,0.00280966,0.00176462,0.0150405,0.055507329,0.00281606,0.00140007,0.0131164
Building_T1-100x30-S3-PS_Existing2,3,576.987,6000,1200,360,10498.25,6370.5,0.016172971,10.06957119,0.769406861,0.587442979,0.131529586,0.00430089,0.00267726,0.0205867,0.061644742,0.00390978,0.00202584,0.0161841
Building_T1-100x30-S3-PS_Existing3,3,621.683,6000,1200,360,10498.25,6370.5,0.047138505,11.76254381,0.567938619,0.434523572,0.188087662,0.00285347,0.00179665,0.0169267,0.094378143,0.00348738,0.00161884,0.0162959
Building_T1-100x30-S3-PS_Existing4,3,616.366,6000,1200,360,10498.25,6370.5,0.046878449,11.8675126,0.662482054,0.506787602,0.131543544,0.00267898,0.00168743,0.0153475,0.06404607,0.00299452,0.00136812,0.0140796
Building_T1-100x30-S3-PS_Existing5,3,562.194,6000,1200,360,10498.25,6370.5,0.045212006,9.475471725,0.62133392,0.475220717,0.158399264,0.00354262,0.00222751,0.0196175,0.076484393,0.00364882,0.00177562,0.0175014
Building_T1-100x30-S3-PS_Existing6,3,652.533,6000,1200,360,10498.25,6370.5,0.042778739,11.67343067,0.809560516,0.61815164,0.109943315,0.00342961,0.00213604,0.0167734,0.051710077,0.00311485,0.00162121,0.013371
Building_T1-100x30-S3-PS_Existing7,3,604.975,6000,1200,360,10498.25,6370.5,0.029786207,10.26214346,0.574440824,0.439521813,0.220737847,0.00391462,0.00247039,0.0234524,0.109001724,0.00472386,0.00207666,0.0220345
Building_T1-100x30-S3-PS_Existing8,3,598.732,6000,1200,360,10498.25,6370.5,0.033933419,10.05453944,0.798281617,0.608831212,0.111413227,0.00398759,0.00246358,0.0184663,0.0517998,0.00340171,0.00182096,0.0139454
Building_T1-100x30-S3-PS_Existing9,3,599.911,6000,1200,360,10498.25,6370.5,0.043241877,11.50365465,0.880548418,0.671677197,0.101087685,0.00380347,0.00234843,0.0171949,0.046825842,0.00325393,0.00172974,0.0125454
Building_T1-100x30-S3-PS_Existing10,3,644.416,6000,1200,360,10498.25,6370.5,0.042131133,11.85862552,0.833149217,0.635498601,0.099914422,0.00326858,0.00202562,0.0157317,0.046771401,0.00292295,0.00151664,0.0122729
Building_T2-60x50-S2-GS_Existing1,2,357.659,3000,720,600,6177,4857.5,0.038444778,9.835738262,0.299497554,0.259746085,0.398224418,0.00441806,0.0020541,0.0189775,0.345142004,0.00453254,0.00231898,0.0178859
Building_T2-60x50-S2-GS_Existing2,2,367.23,3000,720,600,6177,4857.5,0.021915773,10.53214561,0.393064294,0.34121648,0.288192563,0.00518872,0.00238642,0.0210947,0.250162152,0.00532831,0.00267327,0.0198661
Building_T2-60x50-S2-GS_Existing3,2,352.691,3000,720,600,6177,4857.5,0.033187531,10.44505511,0.297934145,0.258124268,0.374575234,0.00384165,0.00179816,0.0165507,0.324593185,0.00393415,0.00201694,0.0155943
Building_T2-60x50-S2-GS_Existing4,2,359.391,3000,720,600,6177,4857.5,0.020985556,11.71054037,0.436246696,0.379193116,0.22945069,0.00461506,0.00211041,0.0184725,0.199262959,0.00474264,0.00236177,0.0173937
Building_T2-60x50-S2-GS_Existing5,2,382.181,3000,720,600,6177,4857.5,0.018867607,11.06774764,0.386672128,0.336568085,0.245961084,0.00412233,0.00191936,0.016765,0.213440645,0.00421189,0.00212814,0.0157774
Building_T2-60x50-S2-GS_Existing6,2,365.681,3000,720,600,6177,4857.5,0.019826955,9.828923757,0.410271643,0.355872305,0.246859684,0.00520686,0.00236979,0.0207428,0.214424214,0.00535886,0.00266188,0.0195365
Building_T2-60x50-S2-GS_Existing7,2,361.017,3000,720,600,6177,4857.5,0.018093013,9.691530253,0.355723359,0.308681729,0.298280388,0.00472793,0.00220013,0.0193803,0.25875833,0.00483538,0.00244732,0.0182458
Building_T2-60x50-S2-GS_Existing8,2,381.842,3000,720,600,6177,4857.5,0.027071793,9.358801571,0.336543558,0.29299866,0.377673988,0.00565675,0.00265833,0.0231777,0.32759362,0.00576178,0.00293342,0.02181
Building_T2-60x50-S2-GS_Existing9,2,337.152,3000,720,600,6177,4857.5,0.042216145,9.845739824,0.429701005,0.373522072,0.209817578,0.00486277,0.00220382,0.0191056,0.182362273,0.00501227,0.00247196,0.0179966
Building_T2-60x50-S2-GS_Existing10,2,374.527,3000,720,600,6177,4857.5,0.049867679,10.95073271,0.343804876,0.298672483,0.335485727,0.00445429,0.00207461,0.0186939,0.290884454,0.0045601,0.00231767,0.0176089
Building_T2-60x50-S3-GS_Existing1,3,567.371,6000,720,600,10036,7286.25,0.040345806,9.492484677,0.454500906,0.399854428,0.209081775,0.00425251,0.0019927,0.0133588,0.181718747,0.0037232,0.00195494,0.0120813
Building_T2-60x50-S3-GS_Existing2,3,664.591,6000,720,600,10036,7286.25,0.036090349,11.73617585,0.551877073,0.485853108,0.12036042,0.00289988,0.00134684,0.00891725,0.104742484,0.00255857,0.0013266,0.00807485
Building_T2-60x50-S3-GS_Existing3,3,590.05,6000,720,600,10036,7286.25,0.033317486,9.187270512,0.544926775,0.479765699,0.175553563,0.00498658,0.00242767,0.0159036,0.15306783,0.00477771,0.00241378,0.0144576
Building_T2-60x50-S3-GS_Existing4,3,605.094,6000,720,600,10036,7286.25,0.0199481,10.54887627,0.634401211,0.557839766,0.1231755,0.00409633,0.00199671,0.0124931,0.107431819,0.00387996,0.00193441,0.0113116
Building_T2-60x50-S3-GS_Existing5,3,579.992,6000,720,600,10036,7286.25,0.018115961,10.87936129,0.517287396,0.453690692,0.19732143,0.00445099,0.00205928,0.0139763,0.171624609,0.00396582,0.00205886,0.0127027
Building_T2-60x50-S3-GS_Existing6,3,569.103,6000,720,600,10036,7286.25,0.029544696,9.283218907,0.49013818,0.431612994,0.217332188,0.0052479,0.00243399,0.0161505,0.189123638,0.00463299,0.00239803,0.0146233
Building_T2-60x50-S3-GS_Existing7,3,613.384,6000,720,600,10036,7286.25,0.01010434,11.64543222,0.557794041,0.489773219,0.131933484,0.00323886,0.00149277,0.0100775,0.114855987,0.00290403,0.00149831,0.0091677
Building_T2-60x50-S3-GS_Existing8,3,603.228,6000,720,600,10036,7286.25,0.019253144,9.168132705,0.51202535,0.450109044,0.182227562,0.00483921,0.00223188,0.0146973,0.158717057,0.0042925,0.00220176,0.0133224
Building_T2-60x50-S3-GS_Existing9,3,633.958,6000,720,600,10036,7286.25,0.01816766,11.20447213,0.572369435,0.503623519,0.130414914,0.00356841,0.00164753,0.010737,0.113613449,0.00315171,0.00161654,0.00971409
Building_T2-60x50-S3-GS_Existing10,3,643.584,6000,720,600,10036,7286.25,0.02437294,11.92191353,0.534873431,0.470283415,0.166464991,0.00371353,0.00173733,0.0114571,0.14473917,0.00324074,0.00169326,0.0103459
Building_T2-100x50-S2-GS_Existing1,2,542.894,5000,1200,600,8095,6177,0.024155995,10.74095354,0.361907199,0.348542891,0.450819466,0.00549895,0.00272109,0.0225661,0.226955277,0.00535181,0.00266523,0.0197349
Building_T2-100x50-S2-GS_Existing2,2,583.893,5000,1200,600,8095,6177,0.027728275,10.56247483,0.433827917,0.417315072,0.24936054,0.00443681,0.00216564,0.017493,0.124566028,0.00431746,0.00208688,0.0149281
Building_T2-100x50-S2-GS_Existing3,2,539.107,5000,1200,600,8095,6177,0.041748219,9.378277759,0.394651657,0.38009778,0.267754581,0.00444542,0.00220479,0.0174106,0.134018755,0.00429401,0.00209917,0.0149403
Building_T2-100x50-S2-GS_Existing4,2,547.861,5000,1200,600,8095,6177,0.027098203,11.06057427,0.505138452,0.486729022,0.204573176,0.00472965,0.00228607,0.0179823,0.101444553,0.00459877,0.00215298,0.0150361
Building_T2-100x50-S2-GS_Existing5,2,546.313,5000,1200,600,8095,6177,0.022140463,10.43149372,0.371801084,0.358713275,0.438887462,0.00578406,0.00284435,0.023618,0.220631912,0.00563641,0.00279153,0.0205629
Building_T2-100x50-S2-GS_Existing6,2,579.997,5000,1200,600,8095,6177,0.047070801,9.5419227,0.454354244,0.436716736,0.225501766,0.00490873,0.0024146,0.0185766,0.112099188,0.0047383,0.00225777,0.0156198
Building_T2-100x50-S2-GS_Existing7,2,581.006,5000,1200,600,8095,6177,0.045187983,9.329486757,0.350484888,0.337577798,0.443468751,0.00582689,0.00289223,0.0235897,0.222998053,0.00565555,0.002802,0.020546
Building_T2-100x50-S2-GS_Existing8,2,583.872,5000,1200,600,8095,6177,0.012932874,10.42857978,0.370834055,0.35775234,0.381436356,0.00500551,0.00249888,0.0201025,0.191841407,0.00483784,0.0024116,0.0175141
Building_T2-100x50-S2-GS_Existing9,2,602.11,5000,1200,600,8095,6177,0.027438384,11.92547058,0.372697997,0.358734146,0.351423052,0.00404994,0.00202412,0.0165182,0.17712464,0.00392456,0.00196673,0.0144957
Building_T2-100x50-S2-GS_Existing10,2,506.865,5000,1200,600,8095,6177,0.0105501,9.30662254,0.372846068,0.358836746,0.363761654,0.005439,0.00266708,0.0218968,0.182431365,0.00529605,0.00260001,0.018913
Building_T2-100x50-S3-GS_Existing1,3,1000.588,10000,1200,600,12142.5,10036,0.032480061,11.32762385,0.467398779,0.441775006,0.227461931,0.00326658,0.00162654,0.0103724,0.113882303,0.00268842,0.0013936,0.00855248
Building_T2-100x50-S3-GS_Existing2,3,1004.24,10000,1200,600,12142.5,10036,0.042154571,11.96441226,0.507840472,0.482334599,0.192639354,0.00303605,0.00149035,0.00969089,0.096180713,0.00253589,0.00130066,0.00795742
Building_T2-100x50-S3-GS_Existing3,3,936.109,10000,1200,600,12142.5,10036,0.035373724,9.121230927,0.583638535,0.553468619,0.194117152,0.00537485,0.00259738,0.0157166,0.095146713,0.00445194,0.00217308,0.0122643
Building_T2-100x50-S3-GS_Existing4,3,887.846,10000,1200,600,12142.5,10036,0.02611973,10.11214398,0.618724718,0.587450424,0.144217599,0.00398915,0.00191176,0.0118837,0.070590378,0.00337372,0.00163784,0.00930894
Building_T2-100x50-S3-GS_Existing5,3,940.78,10000,1200,600,12142.5,10036,0.043980149,11.11439344,0.682200963,0.648615575,0.129155538,0.00395463,0.00188167,0.0115914,0.062901338,0.0033529,0.00161421,0.00899254
Building_T2-100x50-S3-GS_Existing6,3,995.431,10000,1200,600,12142.5,10036,0.04532697,10.58691624,0.561981357,0.532636697,0.166452737,0.003663,0.00178061,0.0111635,0.082293064,0.00305102,0.00151227,0.00891212
Building_T2-100x50-S3-GS_Existing7,3,859.564,10000,1200,600,12142.5,10036,0.016846741,9.529009208,0.502062499,0.475658181,0.260047687,0.00509613,0.00250062,0.0156671,0.12910124,0.00421226,0.00211643,0.012617
Building_T2-100x50-S3-GS_Existing8,3,956.381,10000,1200,600,12142.5,10036,0.019290907,10.19069522,0.613305784,0.58189666,0.180751249,0.00490122,0.00235985,0.0145058,0.088613069,0.00409854,0.00200183,0.0113639
Building_T2-100x50-S3-GS_Existing9,3,946.237,10000,1200,600,12142.5,10036,0.048341084,11.51284548,0.515662946,0.489788992,0.216336012,0.00369238,0.00179966,0.0117701,0.107741309,0.00310729,0.00157451,0.00961927
Building_T2-100x50-S3-GS_Existing10,3,960.073,10000,1200,600,12142.5,10036,0.029909028,10.17560133,0.554279062,0.52593193,0.217316887,0.00483605,0.00234013,0.0148334,0.107342881,0.0040611,0.00200493,0.0118466
Building_T2-60x50-S2-PS_Existing1,2,371.13,3000,720,600,6177,4857.5,0.025821196,9.699603555,0.440204098,0.437894635,0.219701215,0.0060908,0.00322834,0.0391717,0.152526678,0.00564998,0.00358716,0.0405088
Building_T2-60x50-S2-PS_Existing2,2,396.526,3000,720,600,6177,4857.5,0.041688783,11.80575281,0.469983355,0.467743805,0.179039904,0.00461538,0.00247493,0.029508,0.124284435,0.00425438,0.00271103,0.030457
Building_T2-60x50-S2-PS_Existing3,2,336.736,3000,720,600,6177,4857.5,0.011508179,9.294976318,0.345700135,0.344522588,0.287337618,0.00515406,0.00281968,0.033445,0.199428205,0.00474115,0.00304491,0.0344124
Building_T2-60x50-S2-PS_Existing4,2,353.074,3000,720,600,6177,4857.5,0.047033063,11.54896592,0.528973489,0.526376527,0.138986116,0.00468479,0.00245699,0.0295375,0.096539487,0.00433441,0.00273882,0.0306415
Building_T2-60x50-S2-PS_Existing5,2,392.395,3000,720,600,6177,4857.5,0.043080267,11.86182834,0.376990289,0.375328641,0.253385708,0.00412595,0.00226855,0.0265395,0.175861935,0.00376424,0.00242459,0.0272615
Building_T2-60x50-S2-PS_Existing6,2,369.798,3000,720,600,6177,4857.5,0.039550528,10.12620779,0.444638028,0.443135095,0.212136326,0.00579236,0.00311328,0.036626,0.147262484,0.00531763,0.00338682,0.0377913
Building_T2-60x50-S2-PS_Existing7,2,382.632,3000,720,600,6177,4857.5,0.03610283,10.37219451,0.342004928,0.340341153,0.275524096,0.00428363,0.00233935,0.0281915,0.191238563,0.00395589,0.00254408,0.0290127
Building_T2-60x50-S2-PS_Existing8,2,359.62,3000,720,600,6177,4857.5,0.032134338,10.55166298,0.390874627,0.388949212,0.259264065,0.00513334,0.00278025,0.0334598,0.179936917,0.00474817,0.0030372,0.0344851
Building_T2-60x50-S2-PS_Existing9,2,396.412,3000,720,600,6177,4857.5,0.024224412,11.72465706,0.452763199,0.450989034,0.190452057,0.0046031,0.00248707,0.0293696,0.132193912,0.00423059,0.00270141,0.0302846
Building_T2-60x50-S2-PS_Existing10,2,370.648,3000,720,600,6177,4857.5,0.012970529,11.41104863,0.454722715,0.452523352,0.190883434,0.00478846,0.00256934,0.0307132,0.132492853,0.00441973,0.00281574,0.0316968
Building_T2-60x50-S3-PS_Existing1,3,649.441,6000,720,600,10036,7286.25,0.017372772,9.736350759,0.528874724,0.527415099,0.129233898,0.00412651,0.00209592,0.0195927,0.089775191,0.00307492,0.00195527,0.0195406
Building_T2-60x50-S3-PS_Existing2,3,612.08,6000,720,600,10036,7286.25,0.037072719,10.35229572,0.627760699,0.627019438,0.092052611,0.00381186,0.00182361,0.0174113,0.064076998,0.00292397,0.00184147,0.0185016
Building_T2-60x50-S3-PS_Existing3,3,599.836,6000,720,600,10036,7286.25,0.029648428,9.354295984,0.610653496,0.609017656,0.139291828,0.00618822,0.00299667,0.0270599,0.097004118,0.00467759,0.00293094,0.0290565
Building_T2-60x50-S3-PS_Existing4,3,572.93,6000,720,600,10036,7286.25,0.021139445,10.32618641,0.659020835,0.658065482,0.084905025,0.00391753,0.00188503,0.0168204,0.059159758,0.00296892,0.00185692,0.0178443
Building_T2-60x50-S3-PS_Existing5,3,588.289,6000,720,600,10036,7286.25,0.047471719,10.50634744,0.533975862,0.53296714,0.135989855,0.00401936,0.00203216,0.0194236,0.094437703,0.00301848,0.00192284,0.0193822
Building_T2-60x50-S3-PS_Existing6,3,572.751,6000,720,600,10036,7286.25,0.015190152,9.936955129,0.508849863,0.507380451,0.168854811,0.00487687,0.00249285,0.0233357,0.117249545,0.00362723,0.00231237,0.023223
Building_T2-60x50-S3-PS_Existing7,3,599.865,6000,720,600,10036,7286.25,0.047712218,10.57908834,0.562453109,0.561172963,0.141465755,0.0046777,0.002368,0.0221158,0.098286534,0.00348574,0.00221396,0.0221037
Building_T2-60x50-S3-PS_Existing8,3,600.607,6000,720,600,10036,7286.25,0.037938701,11.25297433,0.551229989,0.550153604,0.169524759,0.00500252,0.00252493,0.0242417,0.117736502,0.00376253,0.00239696,0.0242022
Building_T2-60x50-S3-PS_Existing9,3,631.776,6000,720,600,10036,7286.25,0.031812872,10.99454368,0.789525151,0.788140677,0.069647684,0.00406068,0.00195558,0.0162495,0.048926346,0.00346211,0.00212504,0.0158393
Building_T2-60x50-S3-PS_Existing10,3,597.635,6000,720,600,10036,7286.25,0.020738581,9.382210427,0.544702505,0.543366538,0.167933397,0.0058588,0.00293074,0.0277408,0.11670865,0.00439451,0.0027803,0.027864
Building_T2-100x50-S2-PS_Existing1,2,546.646,5000,1200,600,8095,6177,0.04308756,9.463074931,0.607637694,0.502406978,0.205570965,0.00669735,0.00380678,0.0422761,0.080123742,0.00609703,0.00375818,0.0367084
Building_T2-100x50-S2-PS_Existing2,2,586.549,5000,1200,600,8095,6177,0.041011017,11.94111497,0.540253495,0.448808224,0.20749563,0.00416255,0.0023914,0.0275462,0.082788804,0.0038435,0.0024175,0.0273015
Building_T2-100x50-S2-PS_Existing3,2,556.811,5000,1200,600,8095,6177,0.020942512,10.70526928,0.483638275,0.401864302,0.294570549,0.00529965,0.00305931,0.0351011,0.118043884,0.00488502,0.0030852,0.0348721
Building_T2-100x50-S2-PS_Existing4,2,601.007,5000,1200,600,8095,6177,0.021452243,10.59514244,0.478878925,0.396829626,0.244571592,0.00441088,0.00256503,0.0287779,0.098056289,0.00402992,0.00255201,0.0285629
Building_T2-100x50-S2-PS_Existing5,2,537.524,5000,1200,600,8095,6177,0.011082467,10.38190207,0.583609329,0.483828227,0.194560675,0.00528502,0.00302391,0.0339778,0.076598494,0.00483319,0.00300893,0.033378
Building_T2-100x50-S2-PS_Existing6,2,527.355,5000,1200,600,8095,6177,0.016073515,10.68009416,0.482105523,0.400024165,0.288313231,0.00515562,0.00299899,0.0337285,0.11561696,0.00471773,0.00298736,0.033486
Building_T2-100x50-S2-PS_Existing7,2,542.046,5000,1200,600,8095,6177,0.023905463,9.528364005,0.454300083,0.377305749,0.283087753,0.00507448,0.00293815,0.0335033,0.113473792,0.00466829,0.00295119,0.0332757
Building_T2-100x50-S2-PS_Existing8,2,604.335,5000,1200,600,8095,6177,0.044000925,10.98971825,0.61032009,0.50561466,0.169283661,0.00473241,0.00270776,0.030271,0.066558348,0.00431977,0.0026873,0.0296556
Building_T2-100x50-S2-PS_Existing9,2,566.671,5000,1200,600,8095,6177,0.015598044,9.768564029,0.559613192,0.463123792,0.235747194,0.00630541,0.00362853,0.0401208,0.092958284,0.00573209,0.00357692,0.039411
Building_T2-100x50-S2-PS_Existing10,2,583.722,5000,1200,600,8095,6177,0.011113406,10.80442214,0.553953898,0.45882949,0.244679983,0.00573655,0.00331234,0.0368875,0.097084011,0.00522867,0.00328018,0.036375
Building_T2-100x50-S3-PS_Existing1,3,956.597,10000,1200,600,12142.5,10036,0.022385859,10.57172347,0.707371771,0.578834881,0.135972722,0.00417657,0.00224599,0.020064,0.052896118,0.00304659,0.00189154,0.0163799
Building_T2-100x50-S3-PS_Existing2,3,879.677,10000,1200,600,12142.5,10036,0.035438153,10.22314678,0.702642353,0.574095668,0.165625223,0.00526075,0.00284404,0.0249259,0.064355074,0.00380139,0.0023522,0.0200195
Building_T2-100x50-S3-PS_Existing3,3,922.851,10000,1200,600,12142.5,10036,0.03315,10.07227659,0.72267215,0.589758863,0.161352708,0.00554441,0.00299229,0.0259413,0.062394422,0.00398492,0.0024563,0.0197102
Building_T2-100x50-S3-PS_Existing4,3,973.141,10000,1200,600,12142.5,10036,0.014614417,11.95840508,0.626738946,0.513134716,0.163093201,0.00348065,0.0019282,0.01669,0.064805295,0.00250814,0.00158651,0.0157958
Building_T2-100x50-S3-PS_Existing5,3,934.374,10000,1200,600,12142.5,10036,0.027002801,10.39588118,0.645564382,0.528394622,0.173845365,0.00452709,0.0024654,0.0218435,0.068332781,0.00329298,0.00206231,0.0204648
Building_T2-100x50-S3-PS_Existing6,3,922.625,10000,1200,600,12142.5,10036,0.047086707,9.300213957,0.611005937,0.500434141,0.1775265,0.00463938,0.00251548,0.0225585,0.069726229,0.00339175,0.00212335,0.0209271
Building_T2-100x50-S3-PS_Existing7,3,962.546,10000,1200,600,12142.5,10036,0.027277642,11.68462906,0.869237691,0.709478849,0.110683959,0.0047133,0.00245448,0.02107,0.041952921,0.00343964,0.00208395,0.0140486
Building_T2-100x50-S3-PS_Existing8,3,926.049,10000,1200,600,12142.5,10036,0.033463927,10.7353718,0.706805372,0.578009137,0.130332198,0.00395873,0.00214195,0.0188581,0.050780863,0.00286599,0.00178007,0.0156575
Building_T2-100x50-S3-PS_Existing9,3,972.224,10000,1200,600,12142.5,10036,0.048995598,10.09108261,0.638785112,0.523027571,0.176530996,0.00464319,0.00251696,0.022534,0.069319687,0.00338972,0.00212185,0.0208244
Building_T2-100x50-S3-PS_Existing10,3,928.734,10000,1200,600,12142.5,10036,0.014095779,9.413790709,0.619404708,0.506254332,0.176806424,0.00475773,0.00260302,0.0226326,0.069432935,0.00342493,0.00214204,0.0208755
Building_T3-50x30-S2-GS_Existing1,2,182.368,1500,600,360,3784,2527.5,0.041394406,9.972301113,0.319037558,0.215100308,0.571775449,0.00575482,0.00319967,0.024146,0.325126996,0.00511259,0.00216319,0.0226783
Building_T3-50x30-S2-GS_Existing2,2,203.665,1500,600,360,3784,2527.5,0.019642005,11.07957224,0.414501782,0.2808389,0.369624216,0.00561687,0.00311472,0.0225025,0.208183674,0.00490879,0.00206972,0.0205992
Building_T3-50x30-S2-GS_Existing3,2,190.781,1500,600,360,3784,2527.5,0.045664178,9.457196412,0.292731744,0.197450641,0.634378518,0.00561611,0.00313285,0.0237571,0.361578643,0.00532549,0.00212828,0.0224621
Building_T3-50x30-S2-GS_Existing4,2,201.757,1500,600,360,3784,2527.5,0.046105325,11.32772949,0.319139562,0.217179446,0.549949553,0.00493343,0.00276864,0.0205727,0.313478392,0.00466513,0.00189078,0.0194426
Building_T3-50x30-S2-GS_Existing5,2,208.972,1500,600,360,3784,2527.5,0.022234921,11.08447534,0.405038681,0.273906112,0.309331897,0.00450322,0.00249327,0.018225,0.174417257,0.00394514,0.0016573,0.0167322
Building_T3-50x30-S2-GS_Existing6,2,210.79,1500,600,360,3784,2527.5,0.018917305,10.87588078,0.367571448,0.248713617,0.449170079,0.00545518,0.00303605,0.0223805,0.254405479,0.00482922,0.00203995,0.0208004
Building_T3-50x30-S2-GS_Existing7,2,206.677,1500,600,360,3784,2527.5,0.047307407,11.1315441,0.325424194,0.221867858,0.588322266,0.00548218,0.00308518,0.0227308,0.335136643,0.00518043,0.00210344,0.0214456
Building_T3-50x30-S2-GS_Existing8,2,195.656,1500,600,360,3784,2527.5,0.0141849,11.69978671,0.381146815,0.257762925,0.375018837,0.00458559,0.00254634,0.0188614,0.212385144,0.00406063,0.00170987,0.0175172
Building_T3-50x30-S2-GS_Existing9,2,178.413,1500,600,360,3784,2527.5,0.046585606,9.738385162,0.280885817,0.189538751,0.6666352,0.0053476,0.00298295,0.0227932,0.380596352,0.00507394,0.00203368,0.0216508
Building_T3-50x30-S2-GS_Existing10,2,203.986,1500,600,360,3784,2527.5,0.032777201,10.87100879,0.304901312,0.206544615,0.533653557,0.00447311,0.00250406,0.0188706,0.304522631,0.00423808,0.00171033,0.0178949
Building_T3-50x30-S3-GS_Existing1,3,297.4,3000,600,360,5832.75,4054.5,0.026637572,9.399711103,0.437543586,0.314994795,0.278958568,0.00412704,0.00224724,0.0133585,0.15649121,0.00323983,0.00149321,0.0117524
Building_T3-50x30-S3-GS_Existing2,3,334.08,3000,600,360,5832.75,4054.5,0.025908376,11.55846193,0.529740371,0.379798443,0.240423713,0.00418983,0.00226591,0.0134158,0.134045399,0.00329365,0.00149198,0.0116392
Building_T3-50x30-S3-GS_Existing3,3,306.22,3000,600,360,5832.75,4054.5,0.043528686,10.71895338,0.470738152,0.33704186,0.245041199,0.00360887,0.00195796,0.0118413,0.137406005,0.00285293,0.00130483,0.010415
Building_T3-50x30-S3-GS_Existing4,3,334.374,3000,600,360,5832.75,4054.5,0.04626159,11.53534293,0.470737623,0.337519103,0.291663075,0.00401171,0.00217992,0.013229,0.163934986,0.00316624,0.0014589,0.0117129
Building_T3-50x30-S3-GS_Existing5,3,316.905,3000,600,360,5832.75,4054.5,0.028932108,10.87815073,0.405829729,0.291262704,0.359264521,0.00386035,0.00210885,0.0129413,0.20331884,0.00307361,0.00142787,0.0116626
Building_T3-50x30-S3-GS_Existing6,3,330.544,3000,600,360,5832.75,4054.5,0.015497277,9.877511302,0.614910544,0.44029758,0.184278399,0.0051069,0.00272097,0.0152933,0.100475586,0.00386238,0.0017118,0.0126038
Building_T3-50x30-S3-GS_Existing7,3,316.152,3000,600,360,5832.75,4054.5,0.043041924,9.981963576,0.481714448,0.345976585,0.236569925,0.0039053,0.00211868,0.0125121,0.132208099,0.00306621,0.00139902,0.0109061
Building_T3-50x30-S3-GS_Existing8,3,313.617,3000,600,360,5832.75,4054.5,0.026342721,10.38068158,0.407455299,0.292178955,0.338846147,0.00382466,0.00208794,0.0128129,0.191491584,0.00304761,0.00140955,0.0115113
Building_T3-50x30-S3-GS_Existing9,3,315.794,3000,600,360,5832.75,4054.5,0.016675244,10.29955988,0.619748108,0.442746018,0.186667416,0.00503983,0.00268192,0.0152703,0.101852093,0.00383439,0.00169869,0.0126352
Building_T3-50x30-S3-GS_Existing10,3,332.629,3000,600,360,5832.75,4054.5,0.024152359,10.65687912,0.530526294,0.380190524,0.260768054,0.0048937,0.0026434,0.0154958,0.144969997,0.00384368,0.00172904,0.0133529
Building_T3-80x30-S2-GS_Existing1,2,289.846,2400,960,360,6146,4631.5,0.023550236,9.725572335,0.412891645,0.308225258,0.35214439,0.00578938,0.00315745,0.0227499,0.208997671,0.0039864,0.00180801,0.0183748
Building_T3-80x30-S2-GS_Existing2,2,345.703,2400,960,360,6146,4631.5,0.035123579,11.42969888,0.369484664,0.277626019,0.394459825,0.00437457,0.00242237,0.0176608,0.236378105,0.00314189,0.0014203,0.0147166
Building_T3-80x30-S2-GS_Existing3,2,303.231,2400,960,360,6146,4631.5,0.012437894,11.62883839,0.339208054,0.253393636,0.572576165,0.00519458,0.00287203,0.0214879,0.344256313,0.00372625,0.00166355,0.0180695
Building_T3-80x30-S2-GS_Existing4,2,340.993,2400,960,360,6146,4631.5,0.048661886,10.58930078,0.350081697,0.263515818,0.555061019,0.00588432,0.00327109,0.0237816,0.332867191,0.00423893,0.00192321,0.01987
Building_T3-80x30-S2-GS_Existing5,2,322.973,2400,960,360,6146,4631.5,0.030210616,9.466454619,0.405290635,0.302979802,0.317115561,0.00509336,0.00278897,0.0199765,0.18829017,0.00351336,0.00160627,0.0161852
Building_T3-80x30-S2-GS_Existing6,2,341.691,2400,960,360,6146,4631.5,0.037125615,10.7644883,0.366497912,0.276034516,0.463920648,0.00534562,0.00297179,0.0214214,0.277746836,0.00384576,0.00175085,0.0178157
Building_T3-80x30-S2-GS_Existing7,2,310.863,2400,960,360,6146,4631.5,0.019443204,11.64942493,0.285161821,0.213009429,0.592208947,0.00380453,0.00211385,0.0160342,0.357744545,0.00281445,0.00123189,0.0136415
Building_T3-80x30-S2-GS_Existing8,2,318.973,2400,960,360,6146,4631.5,0.014623156,9.244004716,0.366289161,0.275164153,0.363851194,0.00494273,0.00273113,0.0196242,0.217004765,0.00344352,0.00159135,0.0161167
Building_T3-80x30-S2-GS_Existing9,2,320.547,2400,960,360,6146,4631.5,0.040919268,10.23257731,0.351838821,0.264484776,0.456555691,0.00512531,0.00284324,0.0206425,0.273477131,0.00368424,0.00166981,0.0171878
Building_T3-80x30-S2-GS_Existing10,2,311.371,2400,960,360,6146,4631.5,0.024877689,10.16506634,0.379373131,0.282212237,0.449835826,0.00596327,0.00326119,0.0240571,0.268414746,0.00413956,0.0018592,0.0197631
Building_T3-80x30-S3-GS_Existing1,3,547.017,4800,960,360,9383.25,6945,0.019163641,10.3805817,0.514885135,0.408636897,0.251821892,0.00430259,0.00231113,0.0135346,0.148554725,0.00307211,0.00152741,0.0107382
Building_T3-80x30-S3-GS_Existing2,3,490.865,4800,960,360,9383.25,6945,0.045562509,9.922501906,0.520270656,0.412547246,0.291701576,0.00532282,0.00285128,0.0166296,0.171675815,0.00378221,0.00187717,0.0130563
Building_T3-80x30-S3-GS_Existing3,3,525.736,4800,960,360,9383.25,6945,0.037966314,10.94382944,0.388583896,0.309445339,0.384060736,0.0035332,0.00192741,0.0116315,0.230289101,0.00268277,0.00131312,0.00971587
Building_T3-80x30-S3-GS_Existing4,3,501.967,4800,960,360,9383.25,6945,0.04120361,9.514807959,0.486584361,0.383915301,0.295771505,0.00494397,0.00265483,0.0158516,0.174463911,0.00350091,0.0017396,0.0125586
Building_T3-80x30-S3-GS_Existing5,3,484.08,4800,960,360,9383.25,6945,0.016172206,9.626867101,0.539014962,0.428209045,0.197290398,0.00395018,0.00211374,0.012111,0.11577903,0.00269558,0.0013963,0.00931405
Building_T3-80x30-S3-GS_Existing6,3,501.375,4800,960,360,9383.25,6945,0.044964171,10.02347519,0.473948431,0.374515795,0.244459229,0.00362302,0.00195326,0.0117293,0.144740354,0.00262838,0.00128553,0.00942211
Building_T3-80x30-S3-GS_Existing7,3,540.397,4800,960,360,9383.25,6945,0.026442534,11.20747927,0.458125586,0.362828151,0.270660355,0.00334876,0.00180841,0.0109512,0.161144157,0.0024585,0.00120046,0.00895276
Building_T3-80x30-S3-GS_Existing8,3,488.331,4800,960,360,9383.25,6945,0.018524876,9.626524034,0.38975964,0.308354846,0.416087799,0.00436415,0.00236348,0.0145699,0.248663671,0.0032734,0.00157106,0.0120404
Building_T3-80x30-S3-GS_Existing9,3,516.162,4800,960,360,9383.25,6945,0.033173468,9.433422221,0.638036524,0.506545282,0.186583642,0.0053375,0.00282024,0.0155332,0.107835544,0.00354656,0.0018361,0.00897315
Building_T3-80x30-S3-GS_Existing10,3,489.381,4800,960,360,9383.25,6945,0.043270545,9.044319165,0.529540345,0.42127957,0.245810369,0.00504184,0.00270108,0.0153648,0.144137435,0.00344273,0.00178782,0.0117529
Building_T3-50x30-S2-PS_Existing1,2,196.464,1500,600,360,3784,2527.5,0.01911349,9.869226664,0.361295081,0.255751869,0.42344484,0.00584114,0.00362159,0.0369008,0.252927503,0.00547086,0.00285846,0.0344729
Building_T3-50x30-S2-PS_Existing2,2,203.613,1500,600,360,3784,2527.5,0.025848862,11.24902391,0.46321251,0.327404563,0.275011055,0.00543323,0.00338311,0.0341338,0.162526032,0.00512525,0.00262315,0.0288786
Building_T3-50x30-S2-PS_Existing3,2,203.247,1500,600,360,3784,2527.5,0.020069075,11.41130142,0.462703418,0.326885654,0.251039277,0.00485211,0.00302354,0.0305638,0.148460612,0.0045844,0.00235035,0.02602
Building_T3-50x30-S2-PS_Existing4,2,180.183,1500,600,360,3784,2527.5,0.031320464,9.099302308,0.411321102,0.291497506,0.367783526,0.0071443,0.00439084,0.0441476,0.217622956,0.00663317,0.0034144,0.0376856
Building_T3-50x30-S2-PS_Existing5,2,204.709,1500,600,360,3784,2527.5,0.010200291,10.66363446,0.536825794,0.378484812,0.211969967,0.00590582,0.00368501,0.0356275,0.123396499,0.00561519,0.00278646,0.027683
Building_T3-50x30-S2-PS_Existing6,2,199.317,1500,600,360,3784,2527.5,0.025087732,11.5093602,0.362319921,0.257016144,0.442005102,0.00531074,0.00326688,0.0332853,0.264869314,0.00492087,0.00259321,0.031527
Building_T3-50x30-S2-PS_Existing7,2,183.273,1500,600,360,3784,2527.5,0.040799539,9.781474733,0.420708122,0.297940308,0.342996863,0.00651936,0.00401293,0.0403789,0.203089708,0.00606287,0.00312228,0.034677
Building_T3-50x30-S2-PS_Existing8,2,191.551,1500,600,360,3784,2527.5,0.028432478,11.26198254,0.340096763,0.239043474,0.42540105,0.00441236,0.00279249,0.028967,0.255379067,0.00423454,0.00222097,0.0276957
Building_T3-50x30-S2-PS_Existing9,2,208.893,1500,600,360,3784,2527.5,0.049253967,9.870759521,0.443030653,0.313458255,0.245857257,0.00515732,0.00318134,0.0319875,0.145050959,0.00481869,0.0024629,0.0266312
Building_T3-50x30-S2-PS_Existing10,2,185.603,1500,600,360,3784,2527.5,0.020135064,9.602726184,0.345993003,0.242521785,0.364310489,0.00461969,0.00291392,0.0303806,0.217785174,0.00443603,0.00230457,0.0286717
Building_T3-50x30-S3-PS_Existing1,3,296.023,3000,600,360,5832.75,4054.5,0.01015411,9.406404646,0.49027902,0.364062452,0.311622769,0.00659254,0.0039409,0.0301497,0.183443314,0.00546815,0.00270803,0.0242035
Building_T3-50x30-S3-PS_Existing2,3,321.152,3000,600,360,5832.75,4054.5,0.030037755,9.243671063,0.526795589,0.392005264,0.249036005,0.00623155,0.00372183,0.0278056,0.145632931,0.00513227,0.00252316,0.021354
Building_T3-50x30-S3-PS_Existing3,3,284.343,3000,600,360,5832.75,4054.5,0.046832383,9.303128565,0.469709198,0.348773445,0.245029454,0.00483559,0.00289169,0.0222119,0.144604865,0.00401827,0.00199623,0.0182102
Building_T3-50x30-S3-PS_Existing4,3,308.561,3000,600,360,5832.75,4054.5,0.0395136,9.035332506,0.536153242,0.396842764,0.260362256,0.00687258,0.00406581,0.0306311,0.151667913,0.00565331,0.00277308,0.0233148
Building_T3-50x30-S3-PS_Existing5,3,340.82,3000,600,360,5832.75,4054.5,0.018993678,11.41969723,0.511853722,0.380377958,0.233655628,0.00442903,0.00265659,0.0202467,0.138137436,0.00368504,0.00183132,0.0168431
Building_T3-50x30-S3-PS_Existing6,3,300.454,3000,600,360,5832.75,4054.5,0.028016643,9.108513254,0.39288736,0.292349631,0.334843717,0.00478842,0.00288479,0.0221411,0.199618168,0.0040136,0.00201224,0.0198862
Building_T3-50x30-S3-PS_Existing7,3,320.526,3000,600,360,5832.75,4054.5,0.026227509,10.35017565,0.520456428,0.38790549,0.199888621,0.00439999,0.00264207,0.0197583,0.11758317,0.00363867,0.00179961,0.0157632
Building_T3-50x30-S3-PS_Existing8,3,298.765,3000,600,360,5832.75,4054.5,0.021781525,10.11658739,0.482733456,0.358682237,0.319803371,0.00620915,0.00371897,0.028423,0.188896949,0.00516305,0.00256339,0.0234562
Building_T3-50x30-S3-PS_Existing9,3,332.53,3000,600,360,5832.75,4054.5,0.022548215,11.27843567,0.493224254,0.366800926,0.270543734,0.00492234,0.00295593,0.0225337,0.160174811,0.00409948,0.00203956,0.0189725
Building_T3-50x30-S3-PS_Existing10,3,303.541,3000,600,360,5832.75,4054.5,0.028664548,9.879701657,0.614229383,0.456716581,0.161686932,0.00515266,0.00305913,0.0213375,0.093369248,0.00419648,0.00203401,0.0159427
Building_T3-80x30-S2-PS_Existing1,2,330.879,2400,960,360,6146,4631.5,0.021007508,10.13200291,0.4577217,0.33656258,0.381403419,0.00626132,0.00395392,0.0406205,0.183629363,0.00624451,0.00329369,0.0399138
Building_T3-80x30-S2-PS_Existing2,2,344.879,2400,960,360,6146,4631.5,0.01645757,11.2981576,0.534048188,0.391493654,0.202244558,0.00412264,0.00259196,0.0267103,0.096158789,0.00410289,0.00211745,0.0260805
Building_T3-80x30-S2-PS_Existing3,2,287.708,2400,960,360,6146,4631.5,0.017477241,9.807255015,0.424052643,0.311072297,0.31035291,0.00457221,0.00288497,0.0301258,0.150086265,0.00456577,0.00240967,0.0296706
Building_T3-80x30-S2-PS_Existing4,2,294.186,2400,960,360,6146,4631.5,0.03513982,9.293517285,0.448174913,0.329654678,0.355901617,0.00610072,0.00385283,0.039521,0.170984285,0.00608417,0.00320139,0.0387935
Building_T3-80x30-S2-PS_Existing5,2,328.098,2400,960,360,6146,4631.5,0.030041032,10.08900358,0.488424457,0.357632649,0.266558443,0.00507156,0.00318897,0.0330741,0.127250355,0.00504816,0.00261551,0.0323662
Building_T3-80x30-S2-PS_Existing6,2,300.486,2400,960,360,6146,4631.5,0.038066595,10.5063278,0.467217317,0.342739548,0.361277534,0.00603958,0.00380939,0.0394677,0.173717757,0.00602431,0.00316021,0.0387636
Building_T3-80x30-S2-PS_Existing7,2,313.855,2400,960,360,6146,4631.5,0.040636101,9.313416566,0.549312597,0.402697141,0.241729365,0.00634088,0.00395981,0.0399361,0.113009294,0.00624917,0.00316637,0.0385782
Building_T3-80x30-S2-PS_Existing8,2,312.615,2400,960,360,6146,4631.5,0.047753514,9.460431758,0.458771757,0.337611715,0.391601788,0.00716617,0.00441814,0.0448861,0.187868148,0.00705787,0.00367704,0.0439444
Building_T3-80x30-S2-PS_Existing9,2,297.865,2400,960,360,6146,4631.5,0.03730815,9.409616608,0.506760569,0.372093571,0.317098733,0.00701472,0.0043759,0.0443622,0.150209336,0.00690052,0.00356993,0.0431636
Building_T3-80x30-S2-PS_Existing10,2,289.99,2400,960,360,6146,4631.5,0.022498208,9.136680949,0.496148639,0.363872721,0.281576099,0.0060571,0.00381041,0.0389508,0.133470923,0.00602508,0.00310439,0.0379742
Building_T3-80x30-S3-PS_Existing1,3,466.542,4800,960,360,9383.25,6945,0.038189508,9.596808595,0.758937777,0.565546439,0.151647093,0.00571209,0.00332417,0.0242173,0.067644922,0.0052398,0.00242572,0.0220789
Building_T3-80x30-S3-PS_Existing2,3,470.351,4800,960,360,9383.25,6945,0.011475941,9.438226117,0.503256193,0.376713395,0.311508437,0.00527418,0.00314218,0.0251464,0.149388748,0.0050788,0.0026716,0.0244996
Building_T3-80x30-S3-PS_Existing3,3,475.83,4800,960,360,9383.25,6945,0.012095894,10.0848706,0.464068079,0.347398585,0.318386514,0.00426022,0.00253932,0.0206354,0.154327104,0.00413378,0.00219946,0.0202335
Building_T3-80x30-S3-PS_Existing4,3,493.055,4800,960,360,9383.25,6945,0.031679928,9.475514136,0.547891465,0.409993095,0.309306929,0.0061121,0.00362631,0.0290909,0.14694022,0.00585216,0.00303026,0.0281928
Building_T3-80x30-S3-PS_Existing5,3,501.544,4800,960,360,9383.25,6945,0.044577845,9.999177391,0.564781671,0.422647905,0.241095862,0.00479573,0.00284988,0.0226774,0.114551312,0.0045888,0.00238278,0.0219772
Building_T3-80x30-S3-PS_Existing6,3,521.281,4800,960,360,9383.25,6945,0.026401768,10.04159578,0.680241181,0.507365728,0.186925892,0.00539611,0.0031497,0.0254482,0.085948795,0.00505954,0.00245567,0.0242483
Building_T3-80x30-S3-PS_Existing7,3,551.207,4800,960,360,9383.25,6945,0.04745565,11.69676429,0.757951839,0.565259144,0.160474228,0.0049723,0.00289228,0.0228576,0.073241702,0.00463806,0.0022195,0.0220878
Building_T3-80x30-S3-PS_Existing8,3,481.137,4800,960,360,9383.25,6945,0.024746208,10.68763114,0.614872855,0.459017396,0.250013952,0.00554271,0.00328193,0.0262224,0.117849461,0.00527903,0.00270057,0.0252902
Building_T3-80x30-S3-PS_Existing9,3,498.044,4800,960,360,9383.25,6945,0.044805828,10.53322418,0.667573196,0.49996766,0.202621861,0.00534871,0.00317321,0.0246056,0.094365729,0.00504452,0.00255867,0.0235244
Building_T3-80x30-S3-PS_Existing10,3,514.884,4800,960,360,9383.25,6945,0.01915314,10.69270175,0.648846281,0.485666275,0.197447769,0.00487699,0.00288649,0.0228162,0.092349419,0.00461705,0.00234178,0.0218805
Building_T4-60x50-S2-GS_Existing1,2,415.537,3000,720,600,7220,4695.75,0.018466276,11.6413387,0.280354611,0.256539491,0.363917064,0.00487954,0.00260365,0.0194088,0.462833418,0.00551698,0.00277782,0.0190711
Building_T4-60x50-S2-GS_Existing2,2,406.816,3000,720,600,7220,4695.75,0.013100095,11.69265129,0.317250789,0.290380319,0.277823881,0.00475511,0.00253022,0.0185416,0.353755302,0.00540463,0.00270351,0.0183602
Building_T4-60x50-S2-GS_Existing3,2,388.983,3000,720,600,7220,4695.75,0.028953851,11.75943105,0.286399766,0.26198703,0.315552636,0.0043312,0.00232232,0.0170684,0.4013511,0.00489395,0.0024759,0.0167774
Building_T4-60x50-S2-GS_Existing4,2,371.84,3000,720,600,7220,4695.75,0.026761731,10.6404039,0.253556458,0.232064329,0.378738119,0.00452183,0.0024363,0.0179753,0.481451199,0.00510129,0.00259167,0.0176012
Building_T4-60x50-S2-GS_Existing5,2,358.412,3000,720,600,7220,4695.75,0.029443228,9.10617968,0.357798277,0.327500438,0.186227665,0.00533367,0.00274745,0.0195565,0.237956994,0.00609448,0.00295986,0.0198023
Building_T4-60x50-S2-GS_Existing6,2,421.458,3000,720,600,7220,4695.75,0.041537193,11.48801835,0.360270656,0.329345631,0.243553519,0.00545624,0.00288483,0.0204567,0.310569748,0.00620725,0.00309245,0.0204627
Building_T4-60x50-S2-GS_Existing7,2,395.577,3000,720,600,7220,4695.75,0.031401315,10.71140449,0.346714084,0.317308473,0.255631958,0.00575756,0.00303025,0.021688,0.326009068,0.00655372,0.00324994,0.0217034
Building_T4-60x50-S2-GS_Existing8,2,364.013,3000,720,600,7220,4695.75,0.039756783,9.335794506,0.298467093,0.273221975,0.284791744,0.00548113,0.00287491,0.0212973,0.362879348,0.00624346,0.00308038,0.021192
Building_T4-60x50-S2-GS_Existing9,2,399.548,3000,720,600,7220,4695.75,0.043858815,10.8912398,0.355708367,0.325389806,0.238704146,0.00556769,0.00291215,0.0209623,0.304501567,0.00634286,0.00312612,0.0210141
Building_T4-60x50-S2-GS_Existing10,2,381.732,3000,720,600,7220,4695.75,0.045438227,11.56711483,0.255738268,0.234164378,0.330177465,0.00373775,0.00198957,0.0151956,0.41969109,0.004226,0.00212359,0.0148666
Building_T4-60x50-S3-GS_Existing1,3,580.447,6000,720,600,11079,7124.5,0.021326777,9.623514539,0.401627541,0.365035109,0.208050544,0.00471889,0.00244478,0.01427,0.265640384,0.00503414,0.00256297,0.0141799
Building_T4-60x50-S3-GS_Existing2,3,594.475,6000,720,600,11079,7124.5,0.031173258,9.233075355,0.411071464,0.373254457,0.187878812,0.00465836,0.0024144,0.0137478,0.240022275,0.0049547,0.00252873,0.013691
Building_T4-60x50-S3-GS_Existing3,3,668.806,6000,720,600,11079,7124.5,0.022686977,11.79967227,0.541146015,0.491983598,0.096503149,0.00329629,0.00166778,0.00935139,0.123729337,0.00347298,0.00177482,0.00949489
Building_T4-60x50-S3-GS_Existing4,3,596.398,6000,720,600,11079,7124.5,0.032255997,9.191953965,0.479471701,0.435482904,0.150508323,0.00517892,0.00262572,0.0146046,0.192976212,0.00544757,0.00278338,0.014823
Building_T4-60x50-S3-GS_Existing5,3,611.124,6000,720,600,11079,7124.5,0.023102756,9.680286264,0.419297128,0.380997742,0.154608219,0.00381153,0.00196742,0.0113768,0.197548175,0.00406786,0.0020674,0.0113449
Building_T4-60x50-S3-GS_Existing6,3,675.806,6000,720,600,11079,7124.5,0.044010266,11.86265315,0.598393716,0.543287313,0.10724408,0.00442054,0.00221164,0.0119827,0.137855617,0.00462642,0.00236573,0.0122874
Building_T4-60x50-S3-GS_Existing7,3,589.423,6000,720,600,11079,7124.5,0.032661055,10.67224487,0.42031437,0.381857081,0.217179062,0.00483259,0.00249753,0.0147687,0.277276326,0.00516845,0.0026356,0.0146773
Building_T4-60x50-S3-GS_Existing8,3,653.292,6000,720,600,11079,7124.5,0.011537535,11.65281917,0.393243009,0.357061474,0.226372284,0.00405212,0.00212738,0.0125135,0.288527179,0.00430138,0.00221577,0.0122968
Building_T4-60x50-S3-GS_Existing9,3,563.091,6000,720,600,11079,7124.5,0.0201982,9.355905914,0.549956736,0.499293945,0.123848192,0.00546324,0.00270158,0.0147226,0.159436954,0.00574145,0.00292116,0.0151984
Building_T4-60x50-S3-GS_Existing10,3,634.15,6000,720,600,11079,7124.5,0.01467618,11.55708436,0.357078887,0.324718273,0.233511415,0.00348687,0.00182985,0.011153,0.297352235,0.00370859,0.00191162,0.0109066
Building_T4-100x50-S2-GS_Existing1,2,559.2,5000,1200,600,7924.75,7460,0.014870916,9.581564364,0.27600916,0.245604221,0.385144655,0.00474247,0.00256823,0.0190101,0.303523364,0.00516963,0.00263968,0.0177293
Building_T4-100x50-S2-GS_Existing2,2,625.824,5000,1200,600,7924.75,7460,0.01792888,10.97241546,0.388847901,0.346001974,0.241978938,0.00512584,0.00277412,0.0190059,0.189945122,0.0055111,0.00283577,0.0176468
Building_T4-100x50-S2-GS_Existing3,2,590.273,5000,1200,600,7924.75,7460,0.013351965,10.52406151,0.445727868,0.39662235,0.204660364,0.00604807,0.00319481,0.0215478,0.159974212,0.00645172,0.00325794,0.0199248
Building_T4-100x50-S2-GS_Existing4,2,550.21,5000,1200,600,7924.75,7460,0.029553253,11.25671023,0.329067729,0.293268448,0.358999337,0.00532532,0.00289328,0.0207651,0.282596263,0.00575091,0.00297194,0.0193397
Building_T4-100x50-S2-GS_Existing5,2,607.834,5000,1200,600,7924.75,7460,0.038313317,9.19163506,0.38958256,0.346769999,0.262933324,0.00673696,0.00360529,0.0244017,0.205931037,0.00722601,0.00368145,0.0226094
Building_T4-100x50-S2-GS_Existing6,2,567.157,5000,1200,600,7924.75,7460,0.0305187,9.973883215,0.260092978,0.231685536,0.448335011,0.00471741,0.00256633,0.0190978,0.353685431,0.00514019,0.00264578,0.0178318
Building_T4-100x50-S2-GS_Existing7,2,580.249,5000,1200,600,7924.75,7460,0.030424788,10.47561327,0.428376308,0.38169844,0.231330082,0.00621817,0.00334381,0.022177,0.181100181,0.006669,0.00341359,0.0205444
Building_T4-100x50-S2-GS_Existing8,2,537.061,5000,1200,600,7924.75,7460,0.028515221,9.772507921,0.305077623,0.271428784,0.421535639,0.00619702,0.00335326,0.0243193,0.33181805,0.00669644,0.00344103,0.0226514
Building_T4-100x50-S2-GS_Existing9,2,525.902,5000,1200,600,7924.75,7460,0.031640527,10.10922167,0.32077787,0.285609246,0.408080658,0.00639821,0.00346894,0.0248427,0.321095636,0.00690262,0.00355934,0.0231254
Building_T4-100x50-S2-GS_Existing10,2,558.109,5000,1200,600,7924.75,7460,0.046241419,9.465053208,0.434439119,0.386340495,0.199308207,0.00617246,0.00327117,0.0216634,0.155724935,0.00658022,0.00333729,0.0200267
Building_T4-100x50-S3-GS_Existing1,3,933.461,10000,1200,600,11972.25,11319,0.028059547,9.771243275,0.418280564,0.373245632,0.24484299,0.00457002,0.00243357,0.013773,0.192124192,0.00466921,0.0024595,0.0126691
Building_T4-100x50-S3-GS_Existing2,3,940.428,10000,1200,600,11972.25,11319,0.046621382,9.627829594,0.418723005,0.373408798,0.273635755,0.005229,0.00275617,0.0159577,0.214630704,0.00536673,0.00279689,0.0146895
Building_T4-100x50-S3-GS_Existing3,3,903.533,10000,1200,600,11972.25,11319,0.030341266,9.281075169,0.436579032,0.389479556,0.251260487,0.00539799,0.00285969,0.016012,0.196856604,0.00551307,0.00288727,0.0147134
Building_T4-100x50-S3-GS_Existing4,3,988.556,10000,1200,600,11972.25,11319,0.034935216,9.832971764,0.515924161,0.460441069,0.19264438,0.00548041,0.00285679,0.0156326,0.150354171,0.00557758,0.00288902,0.0143179
Building_T4-100x50-S3-GS_Existing5,3,943.547,10000,1200,600,11972.25,11319,0.011177074,10.30098304,0.430090821,0.383424325,0.265906731,0.00502683,0.00267269,0.0151305,0.208643529,0.00512904,0.0026998,0.0139139
Building_T4-100x50-S3-GS_Existing6,3,931.659,10000,1200,600,11972.25,11319,0.049980857,9.32588757,0.538968953,0.481067211,0.156846675,0.00513214,0.00264848,0.0143486,0.122105363,0.00520331,0.00268202,0.0131191
Building_T4-100x50-S3-GS_Existing7,3,1018.493,10000,1200,600,11972.25,11319,0.026541563,11.80395944,0.500595009,0.446038189,0.214258317,0.00480398,0.00254106,0.0141102,0.167813829,0.00489047,0.00256142,0.0129456
Building_T4-100x50-S3-GS_Existing8,3,936.662,10000,1200,600,11972.25,11319,0.038702463,10.540895,0.442835519,0.394969664,0.262747655,0.00514898,0.00270738,0.0157516,0.206016864,0.00528685,0.00275428,0.014495
Building_T4-100x50-S3-GS_Existing9,3,910.645,10000,1200,600,11972.25,11319,0.013718122,9.373535591,0.554145609,0.494264393,0.141545331,0.00491279,0.00252445,0.0135948,0.11008237,0.00497779,0.00255473,0.0124186
Building_T4-100x50-S3-GS_Existing10,3,1033.05,10000,1200,600,11972.25,11319,0.043675297,11.54478407,0.59806237,0.532230664,0.125393208,0.00412013,0.00212334,0.0115287,0.097628199,0.00417559,0.00214741,0.0105354
Building_T4-60x50-S2-PS_Existing1,2,345.533,3000,720,600,7220,4695.75,0.038233795,9.01843585,0.32602417,0.313914507,0.291521554,0.00646305,0.00395792,0.0414978,0.308837304,0.0073257,0.0044068,0.0433626
Building_T4-60x50-S2-PS_Existing2,2,351.738,3000,720,600,7220,4695.75,0.037795337,9.573603029,0.33325524,0.320051691,0.251663556,0.00550546,0.00335333,0.0361081,0.266623859,0.00626626,0.00373928,0.0377368
Building_T4-60x50-S2-PS_Existing3,2,363.851,3000,720,600,7220,4695.75,0.014920197,10.54682821,0.289067292,0.278409326,0.309190147,0.00463055,0.00283175,0.0299198,0.327515043,0.0051901,0.00314666,0.0310357
Building_T4-60x50-S2-PS_Existing4,2,369.785,3000,720,600,7220,4695.75,0.039705689,10.19479734,0.419826378,0.404600253,0.172632857,0.00568746,0.00340187,0.0350029,0.182939308,0.00636468,0.00379104,0.0368061
Building_T4-60x50-S2-PS_Existing5,2,367.357,3000,720,600,7220,4695.75,0.010222823,9.98341335,0.441557318,0.424933838,0.16215167,0.00609502,0.00367806,0.0364805,0.171842872,0.0069425,0.00410413,0.040433
Building_T4-60x50-S2-PS_Existing6,2,350.508,3000,720,600,7220,4695.75,0.029422469,10.80870919,0.349888624,0.336365222,0.197755506,0.00424591,0.00259391,0.0276789,0.209514042,0.00482631,0.00289225,0.0289217
Building_T4-60x50-S2-PS_Existing7,2,361.202,3000,720,600,7220,4695.75,0.031326092,10.21970926,0.304758676,0.293066699,0.2544451,0.004365,0.00267717,0.0287135,0.269532492,0.00495492,0.00298058,0.029901
Building_T4-60x50-S2-PS_Existing8,2,346.777,3000,720,600,7220,4695.75,0.024809845,9.968452631,0.321862362,0.309349235,0.292357962,0.00573231,0.00350682,0.0375552,0.309717891,0.00651708,0.00390706,0.0391772
Building_T4-60x50-S2-PS_Existing9,2,393.995,3000,720,600,7220,4695.75,0.040364002,10.49998945,0.418278061,0.402945246,0.1490208,0.00474834,0.00286919,0.0296142,0.157907689,0.00535114,0.00319323,0.0311567
Building_T4-60x50-S2-PS_Existing10,2,361.55,3000,720,600,7220,4695.75,0.04141404,9.949755845,0.419772595,0.403310162,0.188596556,0.0063591,0.00383287,0.0400625,0.199856709,0.00724868,0.0042828,0.0428353
Building_T4-60x50-S3-PS_Existing1,3,588.422,6000,720,600,11079,7124.5,0.031077605,10.87561612,0.505265179,0.491313064,0.137412085,0.00457158,0.00262179,0.0208481,0.145619698,0.00480679,0.0027614,0.0221808
Building_T4-60x50-S3-PS_Existing2,3,634.683,6000,720,600,11079,7124.5,0.041351996,9.573179332,0.524306338,0.509905087,0.129864739,0.00536582,0.00304826,0.0223868,0.137643326,0.00563569,0.00321336,0.0257413
Building_T4-60x50-S3-PS_Existing3,3,628.075,6000,720,600,11079,7124.5,0.019257324,10.6697382,0.625698274,0.608491079,0.078508148,0.00418554,0.00233077,0.0157112,0.083225202,0.00441762,0.0024698,0.0201266
Building_T4-60x50-S3-PS_Existing4,3,612.25,6000,720,600,11079,7124.5,0.047341376,9.273153213,0.510349119,0.496443575,0.162557558,0.00652383,0.00372634,0.0274417,0.17228459,0.00684711,0.00392001,0.0310813
Building_T4-60x50-S3-PS_Existing5,3,629.832,6000,720,600,11079,7124.5,0.010761642,9.851316105,0.51028398,0.496099148,0.112523975,0.00426829,0.00242236,0.0185699,0.119252829,0.00449869,0.00256085,0.0208193
Building_T4-60x50-S3-PS_Existing6,3,646.484,6000,720,600,11079,7124.5,0.04185379,9.440662572,0.692328665,0.673157282,0.07152039,0.00529807,0.00286561,0.0170045,0.075835694,0.00560659,0.00305245,0.0222989
Building_T4-60x50-S3-PS_Existing7,3,655.352,6000,720,600,11079,7124.5,0.047691177,11.18898938,0.687536944,0.668464255,0.083799758,0.00515916,0.00283863,0.0181195,0.088846394,0.00545457,0.00301544,0.0245177
Building_T4-60x50-S3-PS_Existing8,3,639.994,6000,720,600,11079,7124.5,0.03759978,11.92544757,0.505716025,0.49182245,0.156248787,0.00475469,0.00273876,0.0220899,0.165568873,0.0049865,0.00287923,0.0229983
Building_T4-60x50-S3-PS_Existing9,3,684.141,6000,720,600,11079,7124.5,0.016279655,11.96966783,0.648882819,0.631024964,0.097736912,0.00500313,0.00279941,0.0191,0.103609857,0.00527551,0.00296331,0.0240113
Building_T4-60x50-S3-PS_Existing10,3,633.053,6000,720,600,11079,7124.5,0.030139421,11.18125901,0.548026703,0.532816114,0.135284891,0.00520167,0.002952,0.0224835,0.143374691,0.00547912,0.00311909,0.0253069
Building_T4-100x50-S2-PS_Existing1,2,576.967,5000,1200,600,7924.75,7460,0.013480078,10.18933523,0.533056897,0.423343529,0.15334715,0.00528339,0.00327274,0.033604,0.096679904,0.00580278,0.00346872,0.0343626
Building_T4-100x50-S2-PS_Existing2,2,595.57,5000,1200,600,7924.75,7460,0.01352014,10.51210036,0.394652669,0.313861669,0.284499073,0.00514107,0.00322755,0.0336916,0.182509075,0.00565596,0.00346503,0.0344078
Building_T4-100x50-S2-PS_Existing3,2,588.969,5000,1200,600,7924.75,7460,0.046357967,10.78656899,0.415505969,0.330580798,0.250369507,0.00489994,0.00307334,0.0320424,0.160366712,0.00538643,0.00329207,0.0327241
Building_T4-100x50-S2-PS_Existing4,2,616.503,5000,1200,600,7924.75,7460,0.031216486,11.09424181,0.486686092,0.386732989,0.166734902,0.00438916,0.00273727,0.0280014,0.106078288,0.00480495,0.00291988,0.0285999
Building_T4-100x50-S2-PS_Existing5,2,538.189,5000,1200,600,7924.75,7460,0.010274969,9.304447985,0.417285805,0.33162423,0.240728014,0.00553392,0.00344429,0.0353356,0.153717187,0.00602486,0.00368269,0.0360439
Building_T4-100x50-S2-PS_Existing6,2,563.2,5000,1200,600,7924.75,7460,0.038986085,10.10694376,0.508957195,0.404278014,0.146022546,0.00465168,0.00287793,0.0299289,0.09229201,0.00511073,0.00305627,0.0305836
Building_T4-100x50-S2-PS_Existing7,2,607.065,5000,1200,600,7924.75,7460,0.013678114,11.66014368,0.492292016,0.391331657,0.181787616,0.00462702,0.00288186,0.0294775,0.115774482,0.00505212,0.0030779,0.0300879
Building_T4-100x50-S2-PS_Existing8,2,606.527,5000,1200,600,7924.75,7460,0.020697357,11.33388645,0.456399705,0.362873591,0.224250488,0.00506169,0.00315937,0.0331204,0.143151197,0.00557002,0.003379,0.0338322
Building_T4-100x50-S2-PS_Existing9,2,535.184,5000,1200,600,7924.75,7460,0.019461603,10.07787219,0.483458278,0.38439378,0.188912086,0.00537785,0.00334106,0.0347586,0.119840173,0.00591769,0.00356022,0.0355189
Building_T4-100x50-S2-PS_Existing10,2,588.008,5000,1200,600,7924.75,7460,0.023232427,10.70157518,0.397413576,0.316012584,0.258931093,0.00471206,0.00294145,0.030413,0.166145171,0.00512951,0.00315529,0.0310176
Building_T4-100x50-S3-PS_Existing1,3,1002.059,10000,1200,600,11972.25,11319,0.012690412,11.62819666,0.526784109,0.419013592,0.174415715,0.0038113,0.002266,0.0178591,0.111397824,0.00392224,0.0023208,0.0180718
Building_T4-100x50-S3-PS_Existing2,3,933.49,10000,1200,600,11972.25,11319,0.027428036,11.58913255,0.650685208,0.517486662,0.135390027,0.00448627,0.00263113,0.0207344,0.085382571,0.00459732,0.00266129,0.0209841
Building_T4-100x50-S3-PS_Existing3,3,952.919,10000,1200,600,11972.25,11319,0.024312962,10.67274801,0.493570339,0.392904028,0.194010065,0.0040022,0.00237045,0.0190834,0.124010342,0.00413267,0.00243707,0.0193233
Building_T4-100x50-S3-PS_Existing4,3,968.346,10000,1200,600,11972.25,11319,0.041440009,11.796738,0.765232349,0.60761752,0.108365448,0.0049419,0.00283615,0.0202427,0.067307457,0.00504373,0.00282401,0.020797
Building_T4-100x50-S3-PS_Existing5,3,898.594,10000,1200,600,11972.25,11319,0.02996447,10.33915004,0.530274191,0.421888633,0.164043374,0.00404657,0.0023888,0.0190728,0.104414893,0.00416553,0.00244338,0.019307
Building_T4-100x50-S3-PS_Existing6,3,896.516,10000,1200,600,11972.25,11319,0.033391948,10.52137682,0.538529881,0.428328626,0.205350786,0.00514,0.00302563,0.0243814,0.130618599,0.00529804,0.00309769,0.0246875
Building_T4-100x50-S3-PS_Existing7,3,900.937,10000,1200,600,11972.25,11319,0.015427897,9.535396517,0.621688756,0.494000802,0.168111888,0.0062626,0.00366613,0.0276252,0.105588567,0.00639286,0.00368334,0.028862
Building_T4-100x50-S3-PS_Existing8,3,918.786,10000,1200,600,11972.25,11319,0.029550313,9.619218866,0.748525938,0.594001485,0.094208001,0.00503002,0.00286673,0.0191113,0.058003664,0.00510624,0.00281948,0.018766
Building_T4-100x50-S3-PS_Existing9,3,1012.04,10000,1200,600,11972.25,11319,0.035339246,11.36790033,0.58668422,0.466608946,0.165646055,0.00457638,0.00269227,0.0215058,0.105076158,0.00470539,0.002745,0.0217679
Building_T4-100x50-S3-PS_Existing10,3,1020.237,10000,1200,600,11972.25,11319,0.012232036,11.99441378,0.679093053,0.539691387,0.145303582,0.00509646,0.00296564,0.0233133,0.09137412,0.00523018,0.00299732,0.0241151
